country,destination,attractiveness,cost,rating,visitors,destination_original,review_count,avg_review_score,sentiment_score,flight_cost_level,weather_penalty,bad_weather_share,historical_budget,avg_conversion_rate,avg_roi,campaign_efficiency,campaign_quality_alerts,demand_index,demand_lag_1,demand_ma_3,demand_growth,quality_score,tourism_score,attractiveness_cost_ratio,forecasted_demand,marketing_priority,recommended_budget,business_rule_weather_ok,forecast_next_period
Morocco,Fès,7.36,298,4.82,18022782,City_39,1.0,1.81,1.0,3.0,0.0,0.0,0.0,0.0,0.0,0.0,0.0,99.8,86.7,136.6,0.1510957324106112,0.5586328349626223,0.3556719275438835,0.0246979865771812,20745947.44636678,0.6561497558250475,74200.0,True,103.7074520451761
Japan,Hiroshima,8.26,334,4.74,17424921,City_3,3.0,3.0066666666666664,1.0,2.0,0.25,0.0,0.0,0.0,0.0,0.0,0.0,127.5,126.9,86.64999999999995,0.0047281323877068,0.6721211903392755,0.6241007225367279,0.0247305389221556,16631942.916666664,0.5807561287211712,68600.0,True,131.62151742023389
Spain,Madrid,9.04,680,4.52,16246641,City_10,2.0,3.1,0.0,2.0,0.25,0.0,75000.0,0.03,220000.0,2.933333333333333,1.0,88.3,66.4,112.1,0.3298192771084335,0.6015346463484761,0.501450203572509,0.0132941176470588,20524841.570557225,0.5540485053532088,66600.0,True,73.14060331186006
Portugal,Faro,9.92,221,3.57,14678841,City_43,1.0,4.47,0.0,2.0,0.25,0.0,0.0,0.0,0.0,0.0,0.0,89.6,65.5,73.54999999999997,0.3679389312977098,0.4124568717653824,0.5704905240393191,0.0448868778280543,18825613.5825,0.5409114865706129,65600.0,True,76.99807786585852
USA,Las Vegas,9.66,1112,4.86,17195998,City_17,3.0,3.4933333333333336,0.0,3.0,0.0,0.0,0.0,0.0,0.0,0.0,0.0,120.9,105.5,86.64999999999995,0.1459715639810427,0.774960465784934,0.7571918141909468,0.0086870503597122,19706124.72227488,0.5380014818930343,65400.0,True,113.7610822136214
Italy,Venice,8.2,326,3.84,17685684,City_37,1.0,3.96,1.0,2.0,0.25,0.0,0.0,0.0,0.0,0.0,0.0,116.3,118.7,118.99999999999996,-0.0202190395956192,0.4517574755606671,0.5263346638797597,0.0251533742331288,16461691.63218197,0.5316097605447248,64900.0,True,120.22269841564314
Japan,Osaka,7.03,200,4.19,18316025,City_6,1.0,3.38,1.0,2.333333333333333,0.5499999999999999,0.6666666666666666,0.0,0.0,0.0,0.0,0.0,127.5,126.9,86.64999999999995,0.0047281323877068,0.5124101495112136,0.4466042323021907,0.03515,16378336.77600473,0.5283622817987786,64600.0,True,131.62151742023389
Japan,Kobe,8.53,302,4.49,15001843,City_31,1.0,2.24,1.0,3.0,0.25,0.0,0.0,0.0,0.0,0.0,0.0,127.5,126.9,86.64999999999995,0.0047281323877068,0.487460465784934,0.5825700959496868,0.0282450331125827,14319135.014775414,0.5224844153485492,64200.0,True,131.62151742023389
Portugal,Coimbra,7.04,437,4.97,10682408,City_8,3.0,3.9333333333333336,0.6666666666666666,2.0,0.25,0.0,0.0,0.0,0.0,0.0,0.0,89.6,65.5,73.54999999999997,0.3679389312977098,0.8684984186313973,0.2210064270467253,0.0161098398169336,13700188.26,0.5211883679111623,64100.0,True,76.99807786585852
Morocco,Tanger,8.82,321,4.21,16951469,City_14,0.0,4.21,0.0,2.0,0.25,0.0,0.0,0.0,0.0,0.0,0.0,99.8,86.7,136.6,0.1510957324106112,0.6191776883266246,0.4938870716590664,0.0274766355140186,18537125.44279123,0.5153893504299553,63700.0,True,103.7074520451761
Spain,Barcelona,8.79,409,3.75,18529304,City_32,0.0,3.75,0.0,2.333333333333333,0.2333333333333333,0.3333333333333333,0.0,0.0,0.0,0.0,0.0,88.3,66.4,112.1,0.3298192771084335,0.3931785508913169,0.4578599630482675,0.0214914425427872,23490729.78690763,0.5124093374481544,63400.0,True,73.14060331186006
Germany,Düsseldorf,8.15,662,4.85,16731733,City_46,2.0,1.925,1.0,2.0,0.25,0.0,0.0,0.0,0.0,0.0,0.0,139.7,135.9,76.19999999999999,0.0279617365710079,0.5835447814836111,0.6364935480964893,0.0123111782477341,16339602.24499632,0.5094545781136955,63200.0,True,136.89617138486955
Italy,Rome,8.28,1344,4.93,19728764,City_21,0.0,4.93,0.0,2.0,0.25,0.0,0.0,0.0,0.0,0.0,0.0,116.3,118.7,118.99999999999996,-0.0202190395956192,0.9729154686601494,0.5402893300228682,0.0061607142857142,18363373.972535804,0.5087035319319352,63200.0,True,120.22269841564314
Japan,Nara,8.47,232,4.94,17762779,City_10,0.0,4.94,0.0,2.0,0.7,1.0,0.0,0.0,0.0,0.0,0.0,127.5,126.9,86.64999999999995,0.0047281323877068,0.9778284933870044,0.5890118971197811,0.0365086206896551,15348216.842789598,0.5050978106209659,62900.0,False,131.62151742023389
Germany,Munich,8.65,715,4.63,18407562,City_7,0.0,4.63,0.0,2.0,0.25,0.0,0.0,0.0,0.0,0.0,0.0,139.7,135.9,76.19999999999999,0.0279617365710079,0.8255247268545141,0.6741960226278667,0.012097902097902,17976155.92958057,0.493940650939037,62000.0,True,136.89617138486955
Morocco,Agadir,8.57,1265,4.88,18487030,City_20,2.0,1.675,0.5,2.0,0.25,0.0,0.0,0.0,0.0,0.0,0.0,99.8,86.7,136.6,0.1510957324106112,0.5647732173663024,0.5265431812180249,0.0067747035573122,20216324.2710496,0.4912701042879675,61800.0,True,103.7074520451761
Portugal,Madeira,8.91,304,3.74,15556141,City_14,0.0,3.74,0.0,2.0,0.25,0.0,0.0,0.0,0.0,0.0,0.0,89.6,65.5,73.54999999999997,0.3679389312977098,0.3882655261644625,0.440349363682835,0.0293092105263157,19950750.8325,0.490718445315328,61800.0,True,76.99807786585852
Portugal,Guimarães,7.7,364,4.91,4895032,City_4,1.0,4.87,1.0,2.0,0.25,0.0,0.0,0.0,0.0,0.0,0.0,89.6,65.5,73.54999999999997,0.3679389312977098,0.9583021851638872,0.1831116346890304,0.0211538461538461,6277878.54,0.4902814784098213,61800.0,True,76.99807786585852
Portugal,Lisbon,8.34,1241,4.04,18601251,City_45,0.0,4.04,0.0,2.0,0.25,0.0,0.0,0.0,0.0,0.0,0.0,89.6,65.5,73.54999999999997,0.3679389312977098,0.5356562679700978,0.4113125653291364,0.0067203867848509,23856104.4075,0.4887455717865781,61700.0,True,76.99807786585852
Morocco,Marrakech,7.79,1398,4.38,19352408,City_5,0.0,4.38,0.0,2.0,0.25,0.0,0.0,0.0,0.0,0.0,0.0,99.8,86.7,136.6,0.1510957324106112,0.7026991086831512,0.4021104989247018,0.0055722460658082,21162650.54763552,0.4847421117998826,61400.0,True,103.7074520451761
France,Paris,9.78,1045,4.01,19828499,City_17,1.0,4.87,0.0,2.0,0.25,0.0,20000.0,0.15,10000.0,0.5,0.0,84.9,81.2,73.65,0.0455665024630542,0.6238427257044278,0.5976997578692492,0.0093588516746411,19695413.631096058,0.4742006525694694,60600.0,True,83.35657903943562
Germany,Bonn,7.82,466,4.78,9739174,City_40,0.0,4.78,0.0,2.0,0.0,0.0,0.0,0.0,0.0,0.0,0.0,139.7,135.9,76.19999999999999,0.0279617365710079,0.8992200977573319,0.4658679864418684,0.0167811158798283,10011498.21780721,0.465784423116674,59900.0,True,136.89617138486955
Italy,Palermo,9.59,831,4.97,7864470,City_50,1.0,4.52,1.0,2.0,0.25,0.0,0.0,0.0,0.0,0.0,0.0,116.3,118.7,118.99999999999996,-0.0202190395956192,0.938711184588844,0.5667868301168582,0.0115403128760529,7320185.071187868,0.4629728056707208,59700.0,True,120.22269841564314
Portugal,Albufeira,9.88,1469,4.93,13516617,City_44,1.0,1.4,0.0,3.0,0.0,0.0,0.0,0.0,0.0,0.0,0.0,89.6,65.5,73.54999999999997,0.3679389312977098,0.5504420644048302,0.5510160334952404,0.0067256637168141,18247432.950000003,0.4613733227303579,59600.0,True,76.99807786585852
USA,Honolulu,8.32,295,4.26,7735006,City_49,3.0,1.53,1.0,1.0,0.0,0.0,0.0,0.0,0.0,0.0,0.0,120.9,105.5,86.64999999999995,0.1459715639810427,0.3170140885566416,0.4783107263121108,0.0282033898305084,8864096.923222749,0.456252317820344,59200.0,True,113.7610822136214
USA,Los Angeles,7.86,316,4.88,12542552,City_28,1.0,2.67,0.0,2.0,0.25,0.0,0.0,0.0,0.0,0.0,0.0,120.9,105.5,86.64999999999995,0.1459715639810427,0.683855664174813,0.4418027763570769,0.0248734177215189,13654737.535165874,0.4537341900716716,59000.0,True,113.7610822136214
USA,Chicago,7.95,692,4.86,8612230,City_7,1.0,3.4,1.0,2.0,0.25,0.0,0.0,0.0,0.0,0.0,0.0,120.9,105.5,86.64999999999995,0.1459715639810427,0.7637902530189765,0.4026722347778392,0.0114884393063583,9375902.148341233,0.4520161854238786,58900.0,True,113.7610822136214
Japan,Okinawa,9.35,373,4.27,13862653,City_45,0.0,4.27,0.0,3.0,0.25,0.0,0.0,0.0,0.0,0.0,0.0,127.5,126.9,86.64999999999995,0.0047281323877068,0.6486558366877515,0.643992839450522,0.0250670241286863,13231787.5856974,0.4410320815195869,58100.0,True,131.62151742023389
France,Bordeaux,9.85,1319,4.73,14493600,City_46,0.0,4.73,0.0,2.0,0.25,0.0,0.0,0.0,0.0,0.0,0.0,84.9,81.2,73.65,0.0455665024630542,0.8746549741230594,0.5169677246555204,0.0074677786201667,14396321.527093597,0.4386198900540596,57900.0,True,83.35657903943562
Italy,Milan,7.66,600,3.85,17307021,City_41,2.0,4.035,0.5,2.0,0.25,0.0,0.0,0.0,0.0,0.0,0.0,116.3,118.7,118.99999999999996,-0.0202190395956192,0.4644497556066706,0.4788966871088556,0.0127666666666666,16109235.174262846,0.436902391026,57800.0,True,120.22269841564314
Japan,Sapporo,9.1,1198,4.57,15697117,City_28,0.0,4.57,0.0,2.0,0.25,0.0,0.0,0.0,0.0,0.0,0.0,127.5,126.9,86.64999999999995,0.0047281323877068,0.7960465784933872,0.6375797686580442,0.0075959933222036,14982768.294917258,0.4297298063647172,57200.0,True,131.62151742023389
Germany,Dresden,8.12,822,4.62,14841366,City_22,4.0,2.6050000000000004,0.5,2.0,0.25,0.0,0.0,0.0,0.0,0.0,0.0,139.7,135.9,76.19999999999999,0.0279617365710079,0.5794547872340426,0.6518349706299037,0.0098783454987834,14493538.548123617,0.4292788487191695,57200.0,True,136.89617138486955
Morocco,Rabat,7.86,1376,4.43,14927048,City_42,0.0,4.43,0.0,2.0,0.25,0.0,0.0,0.0,0.0,0.0,0.0,99.8,86.7,136.6,0.1510957324106112,0.7272642323174237,0.354333517735182,0.0057122093023255,16323338.18777393,0.4254170050313246,56900.0,True,103.7074520451761
Germany,Bremen,9.69,1122,4.33,10060658,City_35,1.0,4.22,1.0,2.0,0.25,0.0,0.0,0.0,0.0,0.0,0.0,139.7,135.9,76.19999999999999,0.0279617365710079,0.6649690914318575,0.7132350935085752,0.0086363636363636,9824872.895290652,0.4253372452638152,56900.0,True,136.89617138486955
France,Montpellier,8.1,648,4.97,9907832,City_33,0.0,4.97,0.0,2.0,0.25,0.0,0.0,0.0,0.0,0.0,0.0,84.9,81.2,73.65,0.0455665024630542,0.9925675675675674,0.2512257083895849,0.0124999999999999,9841332.388669953,0.4225237398465645,56700.0,True,83.35657903943562
Portugal,Porto,8.37,1139,4.43,15766396,City_38,1.0,3.24,-1.0,1.0,0.0,0.0,0.0,0.0,0.0,0.0,0.0,89.6,65.5,73.54999999999997,0.3679389312977098,0.5848440195514664,0.4003746753464252,0.0073485513608428,21284634.6,0.4223061955034642,56700.0,True,76.99807786585852
Germany,Berlin,9.91,1498,4.26,18723722,City_5,2.0,1.475,0.0,3.0,0.0,0.0,0.0,0.0,0.0,0.0,0.0,139.7,135.9,76.19999999999999,0.0279617365710079,0.310431641748131,0.8705513493424248,0.0066154873164218,19247269.782192785,0.4216313753629326,56600.0,True,136.89617138486955
USA,Orlando,7.68,812,4.4,12134970,City_13,2.0,3.69,0.5,2.0,0.25,0.0,0.0,0.0,0.0,0.0,0.0,120.9,105.5,86.64999999999995,0.1459715639810427,0.6275517538815414,0.4367101769128542,0.0094581280788177,13211014.022274882,0.4209426958541165,56600.0,True,113.7610822136214
Morocco,Safi,8.33,755,3.68,18701659,City_46,0.0,3.68,0.0,2.0,0.25,0.0,0.0,0.0,0.0,0.0,0.0,99.8,86.7,136.6,0.1510957324106112,0.3587873778033354,0.4579314301215899,0.0110331125827814,20451029.87070357,0.4205332829875302,56500.0,True,103.7074520451761
Spain,Alicante,9.28,1419,4.86,10320379,City_3,3.0,2.31,0.0,1.0,0.0,0.0,0.0,0.0,0.0,0.0,0.0,88.3,66.4,112.1,0.3298192771084335,0.633338125359402,0.4762505311098938,0.0065398167723749,13724238.94126506,0.4178887110446841,56300.0,True,73.14060331186006
Portugal,Óbidos,7.3,203,3.65,4555595,City_42,2.0,4.01,1.0,2.0,0.25,0.0,0.0,0.0,0.0,0.0,0.0,89.6,65.5,73.54999999999997,0.3679389312977098,0.3871334100057504,0.152780933886498,0.0359605911330049,5842550.587499999,0.415827302595784,56200.0,True,76.99807786585852
USA,New York,7.4,1404,4.32,19450528,City_46,3.0,3.123333333333333,-0.3333333333333333,3.0,0.25,0.0,0.0,0.0,0.0,0.0,0.0,120.9,105.5,86.64999999999995,0.1459715639810427,0.5300028752156414,0.5176276140579663,0.0052706552706552,21175264.392796207,0.4157565494394736,56200.0,True,113.7610822136214
Germany,Stuttgart,9.9,907,3.57,15744515,City_8,2.0,4.3100000000000005,0.0,3.0,0.0,0.0,0.0,0.0,0.0,0.0,0.0,139.7,135.9,76.19999999999999,0.0279617365710079,0.3933079355951697,0.8316097693291605,0.010915104740904,16184758.980868282,0.4151327365806644,56100.0,True,136.89617138486955
Portugal,Sintra,9.46,1034,4.99,13691269,City_27,1.0,4.44,-1.0,2.0,0.25,0.0,0.0,0.0,0.0,0.0,0.0,89.6,65.5,73.54999999999997,0.3679389312977098,0.9365691489361704,0.5033988692411862,0.0091489361702127,17559052.4925,0.4113777191421221,55900.0,True,76.99807786585852
Germany,Heidelberg,8.84,504,3.73,14805417,City_49,5.0,3.18,0.6,2.0,0.25,0.0,0.0,0.0,0.0,0.0,0.0,139.7,135.9,76.19999999999999,0.0279617365710079,0.3175280333525015,0.7582316934301297,0.0175396825396825,14458432.061479025,0.4097129902578511,55700.0,True,136.89617138486955
Japan,Tokyo,7.79,397,4.29,19493149,City_43,1.0,4.92,0.0,1.0,0.7,1.0,0.0,0.0,0.0,0.0,0.0,127.5,126.9,86.64999999999995,0.0047281323877068,0.7338808223116735,0.5516912776044831,0.0196221662468513,16843371.062647752,0.406504010631267,55500.0,False,131.62151742023389
Germany,Frankfurt,7.34,609,3.91,17524235,City_11,0.0,3.91,0.0,2.0,0.25,0.0,0.0,0.0,0.0,0.0,0.0,139.7,135.9,76.19999999999999,0.0279617365710079,0.4717869465209893,0.5075779948066752,0.0120525451559934,17113530.89054451,0.4043090798211236,55300.0,True,136.89617138486955
Morocco,Chefchaouen,9.44,1043,4.82,13620024,City_23,3.0,2.4233333333333333,0.0,2.0,0.25,0.0,0.0,0.0,0.0,0.0,0.0,99.8,86.7,136.6,0.1510957324106112,0.6320370902817711,0.5895130979659868,0.0090508149568552,14894053.926643595,0.3980589871033723,54900.0,True,103.7074520451761
Spain,Malaga,8.3,910,4.82,11919051,City_15,7.0,2.7971428571428567,-0.1428571428571428,2.0,0.25,0.0,0.0,0.0,0.0,0.0,0.0,88.3,66.4,112.1,0.3298192771084335,0.6767749322270599,0.465953412302462,0.0091208791208791,15057674.595406624,0.3975210302224431,54800.0,True,73.14060331186006
Japan,Yokohama,7.44,902,4.86,16362558,City_26,1.0,1.87,0.0,2.0,0.25,0.0,0.0,0.0,0.0,0.0,0.0,127.5,126.9,86.64999999999995,0.0047281323877068,0.5806785508913169,0.4704922429426828,0.0082483370288248,15617926.223404257,0.3934298988195996,54500.0,True,131.62151742023389
Japan,Kamakura,9.04,619,4.31,8907609,City_39,0.0,4.31,0.0,3.0,0.0,0.0,0.0,0.0,0.0,0.0,0.0,127.5,126.9,86.64999999999995,0.0047281323877068,0.6683079355951695,0.5444184895675312,0.0146042003231017,8949725.354609929,0.3922721934941078,54400.0,True,131.62151742023389
France,Annecy,9.38,287,4.22,9376241,City_3,5.0,2.942,-0.2,2.0,0.25,0.0,100000.0,0.02,55000.0,1.1,1.0,84.9,81.2,73.65,0.0455665024630542,0.4711385853939045,0.5034961821950047,0.0326829268292682,9313309.333189655,0.3868852376427757,54000.0,True,83.35657903943562
Morocco,Dakhla,8.1,491,4.84,6570333,City_26,1.0,4.65,0.0,2.0,0.25,0.0,0.0,0.0,0.0,0.0,0.0,99.8,86.7,136.6,0.1510957324106112,0.9059588844163312,0.2983330007314209,0.0164969450101832,7184928.162975778,0.3830489744643795,53700.0,True,103.7074520451761
France,Lyon,8.65,1416,4.4,15139847,City_25,4.0,3.49,0.0,3.0,0.25,0.0,0.0,0.0,0.0,0.0,0.0,84.9,81.2,73.65,0.0455665024630542,0.6036155836687753,0.468498941111529,0.0061087570621468,15038231.031834977,0.3824103008698991,53700.0,True,83.35657903943562
Japan,Fukuoka,9.33,823,3.7,15626114,City_12,2.0,4.505,-0.5,3.0,0.0,0.0,0.0,0.0,0.0,0.0,0.0,127.5,126.9,86.64999999999995,0.0047281323877068,0.4649565123634274,0.7068252344541595,0.0113365735115431,15699996.3356974,0.3809819167133168,53600.0,True,131.62151742023389
Italy,Bologna,7.94,1451,4.57,12170856,City_32,2.0,3.175,0.5,2.0,0.25,0.0,0.0,0.0,0.0,0.0,0.0,116.3,118.7,118.99999999999996,-0.0202190395956192,0.6290917912593446,0.4470270121304455,0.0054720882150241,11328534.331592249,0.3805274044852077,53500.0,True,120.22269841564314
Japan,Nagoya,9.18,1036,4.39,15388243,City_40,2.0,3.115,0.0,2.0,0.25,0.0,100000.0,0.01,5000.0,0.05,0.0,127.5,126.9,86.64999999999995,0.0047281323877068,0.5550190483036228,0.686014113124877,0.0088610038610038,14687950.617612291,0.3788036052972962,53400.0,True,131.62151742023389
France,Aix-en-Provence,9.4,997,4.67,4768302,City_32,3.0,4.666666666666667,0.6666666666666666,2.0,0.25,0.0,0.0,0.0,0.0,0.0,0.0,84.9,81.2,73.65,0.0455665024630542,0.8447778895917195,0.4046160526008569,0.0094282848545636,4736298.002586207,0.3693169328099849,52700.0,True,83.35657903943562
France,Cannes,9.21,228,4.35,13692704,City_31,2.0,2.225,-1.0,2.0,0.25,0.0,0.0,0.0,0.0,0.0,0.0,84.9,81.2,73.65,0.0455665024630542,0.4336382259919492,0.4737430034671339,0.0403947368421052,13600800.999014778,0.3677876330347229,52600.0,True,83.35657903943562
Japan,Nikko,9.4,938,4.2,9216499,City_9,3.0,3.803333333333333,0.6666666666666666,2.0,0.25,0.0,0.0,0.0,0.0,0.0,0.0,127.5,126.9,86.64999999999995,0.0047281323877068,0.5667912593444508,0.6553305948401791,0.0100213219616204,8797072.03605201,0.3652144147545798,52400.0,True,131.62151742023389
Germany,Rothenburg ob der Tauber,9.22,830,4.3,9708898,City_38,2.0,4.23,0.5,3.0,0.35,0.5,0.0,0.0,0.0,0.0,0.0,139.7,135.9,76.19999999999999,0.0279617365710079,0.655017251293847,0.6744431400330336,0.0111084337349397,9281749.35289183,0.3623514884761802,52200.0,True,136.89617138486955
Japan,Kyoto,8.2,1246,4.14,19301378,City_50,1.0,1.68,0.0,2.0,0.25,0.0,0.0,0.0,0.0,0.0,0.0,127.5,126.9,86.64999999999995,0.0047281323877068,0.2903716216216215,0.5979050541103338,0.0065810593900481,18423005.59692671,0.3609684204693433,52100.0,True,131.62151742023389
Germany,Cologne,7.7,1086,3.59,17909523,City_24,1.0,3.75,0.0,2.0,0.25,0.0,0.0,0.0,0.0,0.0,0.0,139.7,135.9,76.19999999999999,0.0279617365710079,0.3337190914318574,0.5766011400758516,0.0070902394106813,17489789.146026485,0.3598810488582247,52000.0,True,136.89617138486955
France,Nice,7.97,956,4.08,17971236,City_23,3.0,1.5599999999999998,0.3333333333333333,2.5,0.35,0.5,0.0,0.0,0.0,0.0,0.0,84.9,81.2,73.65,0.0455665024630542,0.2537126221966648,0.4022742628167674,0.008336820083682,17474813.80359606,0.3588827402102567,51900.0,True,83.35657903943562
Portugal,Lagos,7.1,894,3.88,5368127,City_21,2.0,3.545,0.0,2.0,0.25,0.0,30000.0,0.0,150000.0,5.0,0.0,89.6,65.5,73.54999999999997,0.3679389312977098,0.4169547872340426,0.139349242640056,0.0079418344519015,6884622.8775,0.3584411143877374,51900.0,True,76.99807786585852
USA,San Francisco,9.76,546,4.07,8611891,City_31,3.0,4.173333333333333,0.6666666666666666,2.0,0.4666666666666666,0.6666666666666666,0.0,0.0,0.0,0.0,0.0,120.9,105.5,86.64999999999995,0.1459715639810427,0.5627623634272572,0.6602708442397835,0.0178754578754578,8947877.192947866,0.3576366846324765,51800.0,True,113.7610822136214
Morocco,Ifrane,8.92,523,4.93,7886254,City_36,1.0,2.65,1.0,3.0,0.7,1.0,0.0,0.0,0.0,0.0,0.0,99.8,86.7,136.6,0.1510957324106112,0.7000431282346175,0.4122976481310531,0.0170554493307839,7806936.658731257,0.3572895023011106,51800.0,False,103.7074520451761
Japan,Hakone,7.27,1007,4.72,10667972,City_48,4.0,3.4025,-0.5,1.0,0.0,0.0,0.0,0.0,0.0,0.0,0.0,127.5,126.9,86.64999999999995,0.0047281323877068,0.7120624281196088,0.4424416481952142,0.0072194637537239,10718411.58392435,0.3522875390054471,51400.0,True,131.62151742023389
Spain,Cadiz,8.85,863,4.67,11402036,City_6,1.0,1.21,0.0,2.0,0.25,0.0,0.0,0.0,0.0,0.0,0.0,88.3,66.4,112.1,0.3298192771084335,0.431081081081081,0.3960841508328948,0.0102549246813441,14404514.90753012,0.3518875190476547,51400.0,True,73.14060331186006
Morocco,Casablanca,7.49,486,3.72,18924707,City_22,2.0,3.46,-1.0,2.0,0.25,0.0,0.0,0.0,0.0,0.0,0.0,99.8,86.7,136.6,0.1510957324106112,0.3473224554341577,0.4039542170566453,0.0154115226337448,20694941.99158016,0.3481777919192008,51100.0,True,103.7074520451761
Germany,Hamburg,7.61,1342,4.51,18288172,City_26,1.0,1.66,-1.0,1.0,0.0,0.0,0.0,0.0,0.0,0.0,0.0,139.7,135.9,76.19999999999999,0.0279617365710079,0.4254780046003449,0.5707217481431122,0.0056706408345752,18799541.04782928,0.3472609320299518,51000.0,True,136.89617138486955
Spain,Palma de Mallorca,7.6,236,3.76,10895298,City_49,3.0,2.08,-0.3333333333333333,2.0,0.25,0.0,0.0,0.0,0.0,0.0,0.0,88.3,66.4,112.1,0.3298192771084335,0.1970277458309373,0.2842143779682836,0.0322033898305084,13764338.444728917,0.3463644931931745,51000.0,True,73.14060331186006
France,Marseille,7.3,257,4.5,16963323,City_14,4.0,2.2375,-0.25,1.0,0.7,1.0,0.0,0.0,0.0,0.0,0.0,84.9,81.2,73.65,0.0455665024630542,0.4908774798734905,0.331438146113259,0.0284046692607003,15253202.777364532,0.3429494851515883,50700.0,False,83.35657903943562
Germany,Leipzig,7.99,1115,3.66,12196358,City_13,0.0,3.66,0.0,2.0,0.0,0.0,0.0,0.0,0.0,0.0,0.0,139.7,135.9,76.19999999999999,0.0279617365710079,0.3489613283496264,0.5171770813223009,0.0071659192825112,12537389.349521704,0.3417318825591483,50600.0,True,136.89617138486955
Spain,Girona,8.84,1003,4.8,3726013,City_16,3.0,2.5466666666666664,0.3333333333333333,3.0,0.0,0.0,0.0,0.0,0.0,0.0,0.0,88.3,66.4,112.1,0.3298192771084335,0.6393652961472109,0.3404775178332963,0.0088135593220338,4954923.914156626,0.339705289866476,50500.0,True,73.14060331186006
Morocco,Meknès,7.41,979,3.64,10769405,City_29,0.0,3.64,0.0,2.0,0.0,0.0,0.0,0.0,0.0,0.0,0.0,99.8,86.7,136.6,0.1510957324106112,0.3391352788959173,0.2482543672931052,0.0075689479060265,12396616.1361015,0.3392250312129303,50400.0,True,103.7074520451761
Germany,Potsdam,8.12,372,4.0,9908694,City_2,6.0,3.313333333333333,0.0,2.0,0.25,0.0,0.0,0.0,0.0,0.0,0.0,139.7,135.9,76.19999999999999,0.0279617365710079,0.4338233179988499,0.6321809423413947,0.0218279569892473,9676470.37682119,0.3333321700808173,50000.0,True,136.89617138486955
Portugal,Aveiro,7.72,399,3.87,7816399,City_13,3.0,2.7433333333333336,0.3333333333333333,1.0,0.25,0.0,0.0,0.0,0.0,0.0,0.0,89.6,65.5,73.54999999999997,0.3679389312977098,0.3172944220816562,0.2653637987314432,0.0193483709273182,10024531.7175,0.3328323442047146,50000.0,True,76.99807786585852
Morocco,Taroudant,9.93,1117,4.61,638112,City_35,1.0,4.34,1.0,2.0,0.25,0.0,0.0,0.0,0.0,0.0,0.0,99.8,86.7,136.6,0.1510957324106112,0.7833848476135712,0.4402733069318648,0.0088898836168307,697801.6,0.3292669869260546,49700.0,True,103.7074520451761
Italy,Cinque Terre,9.42,623,3.68,7633850,City_20,1.0,4.52,0.0,3.0,0.0,0.0,0.0,0.0,0.0,0.0,0.0,116.3,118.7,118.99999999999996,-0.0202190395956192,0.4593192926969524,0.5436947185004147,0.0151203852327447,7479500.884582982,0.3284551253920251,49600.0,True,120.22269841564314
France,Nantes,8.4,1451,4.44,8991087,City_36,3.0,3.68,-0.3333333333333333,2.0,0.0,0.0,0.0,0.0,0.0,0.0,0.0,84.9,81.2,73.65,0.0455665024630542,0.6412198102357679,0.3394868416295722,0.00578911095796,9400779.387931036,0.3284174876089852,49600.0,True,83.35657903943562
Germany,Lübeck,9.9,212,3.91,3921735,City_37,3.0,4.953333333333333,-0.6666666666666666,2.0,0.25,0.0,0.0,0.0,0.0,0.0,0.0,139.7,135.9,76.19999999999999,0.0279617365710079,0.596653967797585,0.7032096426408919,0.0466981132075471,3829823.844922736,0.3261647392298388,49500.0,True,136.89617138486955
Italy,Sorrento,8.54,1433,4.81,9641081,City_14,1.0,3.07,0.0,1.6666666666666667,0.2333333333333333,0.3333333333333333,0.0,0.0,0.0,0.0,0.0,116.3,118.7,118.99999999999996,-0.0202190395956192,0.7057144910868314,0.4647253408336632,0.0059595254710397,9005327.380112328,0.3259296462075072,49400.0,True,120.22269841564314
Italy,Florence,8.48,1228,4.7,17098553,City_43,2.0,3.25,-1.0,2.0,0.25,0.0,0.0,0.0,0.0,0.0,0.0,116.3,118.7,118.99999999999996,-0.0202190395956192,0.6863786658999426,0.5735429322973639,0.0069055374592833,15915194.845871944,0.3255172781305273,49400.0,True,120.22269841564314
USA,Santa Fe,7.18,998,4.61,323057,City_34,1.0,4.59,1.0,3.0,0.25,0.0,0.0,0.0,0.0,0.0,0.0,120.9,105.5,86.64999999999995,0.1459715639810427,0.8133050603795287,0.2062685896799134,0.0071943887775551,351703.42876777245,0.3246460441631043,49300.0,True,113.7610822136214
Germany,Trier,9.52,309,4.33,5190375,City_4,4.0,2.9325,-0.25,2.0,0.125,0.0,0.0,0.0,0.0,0.0,0.0,139.7,135.9,76.19999999999999,0.0279617365710079,0.5108799956871766,0.6956307935702638,0.0308090614886731,5202119.225993376,0.3245567321732558,49300.0,True,136.89617138486955
Germany,Nuremberg,9.39,972,4.17,13628140,City_28,2.0,2.31,0.0,2.0,0.25,0.0,0.0,0.0,0.0,0.0,0.0,139.7,135.9,76.19999999999999,0.0279617365710079,0.376919206440483,0.7442807237047072,0.0096604938271604,13308746.137601174,0.3229017137026828,49200.0,True,136.89617138486955
Italy,Pisa,9.53,557,4.43,15061569,City_29,2.0,3.31,-1.0,2.0,0.25,0.0,0.0,0.0,0.0,0.0,0.0,116.3,118.7,118.99999999999996,-0.0202190395956192,0.5932216791259344,0.6723047452256931,0.0171095152603231,14019186.613016006,0.318783256218394,48900.0,True,120.22269841564314
Spain,Seville,9.57,629,4.65,14823413,City_43,2.0,2.74,-0.5,2.0,0.7,1.0,0.0,0.08,200000.0,0.0,1.0,88.3,66.4,112.1,0.3298192771084335,0.6067603507763084,0.5462951587289698,0.0152146263910969,16952715.909548193,0.3180228902265883,48900.0,False,73.14060331186006
Portugal,Funchal,8.28,587,4.56,3511794,City_2,0.0,4.56,0.0,2.0,0.25,0.0,0.0,0.0,0.0,0.0,0.0,89.6,65.5,73.54999999999997,0.3679389312977098,0.7911335537665323,0.212967010365591,0.0141056218057921,4503875.805,0.3124097869146844,48400.0,True,76.99807786585852
Morocco,Oujda,8.96,267,3.83,2844067,City_4,1.0,1.21,1.0,2.0,0.25,0.0,0.0,0.0,0.0,0.0,0.0,99.8,86.7,136.6,0.1510957324106112,0.118918918918919,0.353144369004056,0.0335580524344569,3110103.717070357,0.3107060985003351,48300.0,True,103.7074520451761
Germany,Freiburg,9.09,1076,4.41,9213690,City_3,5.0,2.71,0.2,3.0,0.25,0.0,0.0,0.0,0.0,0.0,0.0,139.7,135.9,76.19999999999999,0.0279617365710079,0.5139807360552042,0.7170294128608659,0.0084479553903345,8997754.733995583,0.3082380292790385,48100.0,True,136.89617138486955
Morocco,Ouarzazate,9.11,1493,4.15,8429666,City_31,5.0,3.744,0.2,1.0,0.25,0.0,0.0,0.0,0.0,0.0,0.0,99.8,86.7,136.6,0.1510957324106112,0.5411091144335827,0.5274409029841797,0.0061018084393837,9218184.930334486,0.3081357692382592,48100.0,True,103.7074520451761
France,Toulouse,8.9,974,3.65,9748116,City_9,5.0,3.702,0.4,2.0,0.25,0.0,0.0,0.0,0.0,0.0,0.0,84.9,81.2,73.65,0.0455665024630542,0.3502717078780908,0.4512597577176215,0.0091375770020533,9682688.374137932,0.3021181303130916,47700.0,True,83.35657903943562
Portugal,Braga,8.57,1069,3.6,8436493,City_6,2.0,2.99,0.5,2.0,0.25,0.0,0.0,0.0,0.0,0.0,0.0,89.6,65.5,73.54999999999997,0.3679389312977098,0.246477860839563,0.3526410631396894,0.0080168381665107,10819802.2725,0.2992999867874569,47400.0,True,76.99807786585852
Japan,Kanazawa,9.73,938,4.19,9252439,City_18,3.0,2.2566666666666664,0.3333333333333333,2.0,0.25,0.0,0.0,0.0,0.0,0.0,0.0,127.5,126.9,86.64999999999995,0.0047281323877068,0.3779686601495113,0.6949386005990255,0.0103731343283582,8831376.468676124,0.2954922166269206,47200.0,True,131.62151742023389
Morocco,Merzouga,7.19,794,4.35,5066962,City_10,1.0,2.89,0.0,1.5,0.0,0.0,0.0,0.0,0.0,0.0,0.0,99.8,86.7,136.6,0.1510957324106112,0.5132259919493961,0.1713148554632842,0.0090554156171284,5832558.334486736,0.2947237670914734,47100.0,True,103.7074520451761
Spain,Valencia,9.25,1002,4.28,13189413,City_41,4.0,3.9675,-0.25,1.0,0.7,1.0,0.0,0.0,0.0,0.0,0.0,88.3,66.4,112.1,0.3298192771084335,0.6161685954571594,0.5304787103901735,0.0092315369261477,15084000.668584336,0.2943263883126256,47100.0,False,73.14060331186006
USA,Miami,9.09,725,4.59,11710217,City_2,1.0,3.17,-1.0,2.0,0.25,0.0,0.0,0.0,0.0,0.0,0.0,120.9,105.5,86.64999999999995,0.1459715639810427,0.6359258194364577,0.5771868963479877,0.0125379310344827,12748596.905545022,0.2934197219217953,47000.0,True,113.7610822136214
Morocco,Essaouira,7.94,1334,4.54,14781977,City_28,4.0,2.5425,-0.75,1.0,0.35,0.5,0.0,0.0,0.0,0.0,0.0,99.8,86.7,136.6,0.1510957324106112,0.5422450043128235,0.4477008611807834,0.0059520239880059,15824387.696401382,0.2934077064631334,47000.0,True,103.7074520451761
Morocco,Tetouan,8.5,873,4.09,7062404,City_21,0.0,4.09,0.0,2.0,0.25,0.0,0.0,0.0,0.0,0.0,0.0,99.8,86.7,136.6,0.1510957324106112,0.5602213916043703,0.3305980142343812,0.0097365406643757,7723027.949711649,0.2881854371372671,46600.0,True,103.7074520451761
Spain,San Sebastian,7.15,1004,4.99,7133155,City_22,2.0,2.705,-0.5,2.0,0.25,0.0,0.0,0.0,0.0,0.0,0.0,88.3,66.4,112.1,0.3298192771084335,0.7289228723404256,0.161718781004401,0.0071215139442231,9011516.674322288,0.2875979865795485,46600.0,True,73.14060331186006
Italy,Siena,9.95,1216,4.38,6350319,City_35,3.0,4.303333333333334,0.0,2.0,0.25,0.0,0.0,0.0,0.0,0.0,0.0,116.3,118.7,118.99999999999996,-0.0202190395956192,0.6935235767682577,0.6331671801375339,0.0081825657894736,5910825.566259478,0.2870803428082866,46500.0,True,120.22269841564314
Portugal,Évora,7.1,1290,3.68,5036304,City_29,2.0,3.145,1.0,2.0,0.25,0.0,0.0,0.0,0.0,0.0,0.0,89.6,65.5,73.54999999999997,0.3679389312977098,0.2947581224841863,0.135144088852603,0.0055038759689922,6459059.88,0.2864207851863164,46500.0,True,76.99807786585852
USA,Austin,8.87,1378,4.82,865836,City_4,1.0,2.22,1.0,2.0,0.25,0.0,0.0,0.0,0.0,0.0,0.0,120.9,105.5,86.64999999999995,0.1459715639810427,0.6077019838987925,0.4136556385792422,0.0064368650217706,942612.2633175356,0.2844631294783895,46300.0,True,113.7610822136214
Italy,Matera,7.05,750,3.51,16862872,City_22,1.0,2.28,0.0,1.6666666666666667,0.3166666666666666,0.3333333333333333,0.0,0.0,0.0,0.0,0.0,116.3,118.7,118.99999999999996,-0.0202190395956192,0.1280585106382978,0.3794665863718486,0.0094,15475532.598191518,0.2843722129944884,46300.0,True,120.22269841564314
Italy,Genoa,9.26,1209,4.46,6100512,City_25,2.0,4.065,0.0,2.0,0.25,0.0,0.0,0.0,0.0,0.0,0.0,116.3,118.7,118.99999999999996,-0.0202190395956192,0.6947293703277746,0.5267084272476722,0.0076592224979321,5678307.231002527,0.2821923004465483,46200.0,True,120.22269841564314
Japan,Takayama,9.34,1331,3.77,7238823,City_5,0.0,3.77,0.0,1.0,0.0,0.0,0.0,0.0,0.0,0.0,0.0,127.5,126.9,86.64999999999995,0.0047281323877068,0.403004600345026,0.5588633815255744,0.0070172802404207,7273049.113475177,0.2820470668450632,46200.0,True,131.62151742023389
Italy,Naples,9.37,1000,4.6,17029238,City_33,1.0,1.44,-1.0,2.0,0.25,0.0,0.0,0.0,0.0,0.0,0.0,116.3,118.7,118.99999999999996,-0.0202190395956192,0.4325941633122483,0.6568291603786668,0.00937,15850677.004465038,0.2783140785062657,45900.0,True,120.22269841564314
France,Lille,8.87,1016,4.96,7881930,City_30,2.0,2.68,-0.5,2.0,0.25,0.0,0.0,0.0,0.0,0.0,0.0,84.9,81.2,73.65,0.0455665024630542,0.7147822024151811,0.3597647660724531,0.0087303149606299,7829027.883620691,0.2747398471540968,45600.0,True,83.35657903943562
Spain,Ibiza,7.63,269,3.83,6485263,City_5,2.0,2.9850000000000003,-0.5,1.0,0.25,0.0,0.0,0.0,0.0,0.0,0.0,88.3,66.4,112.1,0.3298192771084335,0.3313524295572169,0.2104572745579137,0.0283643122676579,8193016.366792168,0.2709760265844116,45300.0,True,73.14060331186006
USA,San Diego,9.5,343,3.53,5124805,City_12,0.0,3.53,0.0,2.0,0.25,0.0,0.0,0.0,0.0,0.0,0.0,120.9,105.5,86.64999999999995,0.1459715639810427,0.2850920069005175,0.5209462422570804,0.0276967930029154,5579236.760900474,0.2679730453970536,45100.0,True,113.7610822136214
France,Biarritz,9.68,800,3.91,4835681,City_27,4.0,2.3025,0.25,1.0,0.0,0.0,0.0,0.0,0.0,0.0,0.0,84.9,81.2,73.65,0.0455665024630542,0.2793999784358828,0.4601188491416648,0.0121,5056026.070197045,0.267044477146425,45000.0,True,83.35657903943562
USA,Portland,8.51,773,4.88,7712272,City_35,2.0,2.78,-0.5,1.5,0.35,0.5,0.0,0.0,0.0,0.0,0.0,120.9,105.5,86.64999999999995,0.1459715639810427,0.6970205577918344,0.4791364224611521,0.0110090556274256,8219381.2972891,0.2668807447603504,45000.0,True,113.7610822136214
Spain,Bilbao,8.23,747,3.55,9189321,City_47,2.0,2.45,0.0,2.0,0.25,0.0,0.0,0.0,0.0,0.0,0.0,88.3,66.4,112.1,0.3298192771084335,0.1632691201840138,0.3159119237090501,0.0110174029451137,11609129.39887048,0.2582059303117643,44400.0,True,73.14060331186006
Italy,Bari,9.19,456,3.82,3737173,City_7,0.0,3.82,0.0,2.6666666666666665,0.1666666666666666,0.0,0.0,0.12,80000.0,0.0,0.0,116.3,118.7,118.99999999999996,-0.0202190395956192,0.4275697239792985,0.4455958829190256,0.0201535087719298,3539557.252766077,0.2577320397042908,44300.0,True,120.22269841564314
Italy,Catania,7.83,1206,4.58,9603459,City_36,0.0,4.58,0.0,3.0,0.7,1.0,0.0,0.0,0.0,0.0,0.0,116.3,118.7,118.99999999999996,-0.0202190395956192,0.8009596032202415,0.3585827020956874,0.0064925373134328,8091986.202712721,0.2526196809089074,43900.0,False,120.22269841564314
Portugal,Setúbal,7.05,896,4.77,2602488,City_32,3.0,4.19,-0.3333333333333333,2.0,0.25,0.0,0.0,0.0,0.0,0.0,0.0,89.6,65.5,73.54999999999997,0.3679389312977098,0.8248921794134559,0.1197969934473878,0.0078683035714285,3337690.8600000003,0.2500656049326119,43800.0,True,76.99807786585852
Italy,Verona,8.7,637,3.69,14405079,City_19,2.0,1.49,0.0,2.333333333333333,0.3999999999999999,0.3333333333333333,0.0,0.0,0.0,0.0,0.0,116.3,118.7,118.99999999999996,-0.0202190395956192,0.1004025301897642,0.5655105485245634,0.0136577708006279,12984716.3663353,0.2461057496572935,43500.0,True,120.22269841564314
Morocco,Asilah,7.96,211,4.76,1575712,City_7,2.0,1.535,-1.0,2.333333333333333,0.0833333333333333,0.0,0.0,0.0,0.0,0.0,0.0,99.8,86.7,136.6,0.1510957324106112,0.5034233036227717,0.2398551591439295,0.0377251184834123,1783565.4360630526,0.2434681727133221,43300.0,True,103.7074520451761
Spain,Zaragoza,7.67,1478,4.89,5637928,City_40,2.0,4.255,-1.0,2.0,0.25,0.0,0.0,0.0,0.0,0.0,0.0,88.3,66.4,112.1,0.3298192771084335,0.8772660293271994,0.2044648606379848,0.005189445196211,7122554.070481927,0.2423092160785253,43200.0,True,73.14060331186006
Italy,Lake Como,9.82,986,4.62,4390172,City_8,3.0,2.7466666666666666,-0.6666666666666666,1.0,0.0,0.0,0.0,0.0,0.0,0.0,0.0,116.3,118.7,118.99999999999996,-0.0202190395956192,0.5964095744680852,0.592902739314817,0.0099594320486815,4301406.938500421,0.2358577946842157,42700.0,True,120.22269841564314
Spain,Salamanca,9.19,346,4.33,6340596,City_21,2.0,2.125,0.0,3.0,0.7,1.0,0.0,0.0,0.0,0.0,0.0,88.3,66.4,112.1,0.3298192771084335,0.414237708453134,0.3937086724726177,0.0265606936416184,7251388.2386746975,0.2335585706989594,42500.0,False,73.14060331186006
USA,Philadelphia,9.02,1077,4.28,1185861,City_21,2.0,3.17,0.5,2.0,0.25,0.0,0.0,0.0,0.0,0.0,0.0,120.9,105.5,86.64999999999995,0.1459715639810427,0.5207231167337552,0.4569364593006622,0.0083751160631383,1291014.835592417,0.2324979803517068,42400.0,True,113.7610822136214
Japan,Matsumoto,8.6,1108,4.82,2774561,City_13,3.0,2.5500000000000003,0.0,2.0,0.25,0.0,0.0,0.0,0.0,0.0,0.0,127.5,126.9,86.64999999999995,0.0047281323877068,0.6471966647498564,0.4787774192434981,0.0077617328519855,2648295.51713948,0.2312637660819799,42300.0,True,131.62151742023389
France,Dijon,8.27,477,4.08,2932983,City_49,4.0,3.955,0.25,3.0,0.475,0.5,0.0,0.0,0.0,0.0,0.0,84.9,81.2,73.65,0.0455665024630542,0.5403482604945372,0.2687180459483103,0.0173375262054507,2775299.043269705,0.2283810552746474,42100.0,True,83.35657903943562
Portugal,Portimão,9.81,805,3.89,316800,City_18,0.0,3.89,0.0,2.0,0.0,0.0,0.0,0.0,0.0,0.0,0.0,89.6,65.5,73.54999999999997,0.3679389312977098,0.4619608970672801,0.3540026515296343,0.0121863354037267,427680.0,0.2226170822752718,41700.0,True,76.99807786585852
USA,Charleston,7.27,795,4.74,339365,City_14,1.0,4.93,0.0,1.5,0.475,0.5,0.0,0.0,0.0,0.0,0.0,120.9,105.5,86.64999999999995,0.1459715639810427,0.9023073605520416,0.2171532251443884,0.0091446540880503,351956.889028436,0.2212474936834351,41600.0,True,113.7610822136214
Germany,Aachen,7.45,1432,4.56,2493498,City_10,4.0,3.45,0.0,2.0,0.25,0.0,0.0,0.0,0.0,0.0,0.0,139.7,135.9,76.19999999999999,0.0279617365710079,0.6582878090856813,0.4158603687251282,0.0052025139664804,2435059.5075055184,0.2209630463075678,41600.0,True,136.89617138486955
France,Colmar,9.16,1489,4.31,3549376,City_26,3.0,3.47,0.0,2.0,0.25,0.0,0.0,0.0,0.0,0.0,0.0,84.9,81.2,73.65,0.0455665024630542,0.5677760207015525,0.3606941707314298,0.0061517797179314,3525553.2177339904,0.2194172523009032,41500.0,True,83.35657903943562
Japan,Kumamoto,8.22,1176,4.96,1412104,City_16,2.0,4.135,-0.5,2.0,0.25,0.0,0.0,0.0,0.0,0.0,0.0,127.5,126.9,86.64999999999995,0.0047281323877068,0.8889178407130535,0.3949978450001362,0.0069897959183673,1347841.58392435,0.2189273772829004,41400.0,True,131.62151742023389
Italy,Turin,8.23,1132,4.73,10184213,City_49,2.0,2.415,0.0,1.0,0.7,1.0,0.0,0.0,0.0,0.0,0.0,116.3,118.7,118.99999999999996,-0.0202190395956192,0.5975938039102935,0.456257299095757,0.0072703180212014,8581336.274928391,0.2174772304445005,41300.0,False,120.22269841564314
Japan,Mount Fuji,9.09,446,4.15,6385525,City_17,3.0,2.6133333333333333,-0.6666666666666666,2.0,0.25,0.0,0.0,0.0,0.0,0.0,0.0,127.5,126.9,86.64999999999995,0.0047281323877068,0.4057899654974125,0.5826743338338345,0.0203811659192825,6094930.777186761,0.2132829447373603,41000.0,True,131.62151742023389
Portugal,Viana do Castelo,8.92,596,4.67,678486,City_22,1.0,1.31,1.0,2.0,0.7,1.0,0.0,0.0,0.0,0.0,0.0,89.6,65.5,73.54999999999997,0.3679389312977098,0.443049166187464,0.2744216066875625,0.0149664429530201,787722.246,0.1980287241903224,39900.0,False,76.99807786585852
Japan,Beppu,8.23,263,4.1,4357033,City_19,1.0,2.56,-1.0,2.0,0.25,0.0,0.0,0.0,0.0,0.0,0.0,127.5,126.9,86.64999999999995,0.0047281323877068,0.3808259056929269,0.4120764525290664,0.0312927756653992,4158751.9473995273,0.1937372263438246,39500.0,True,131.62151742023389
Morocco,Al Hoceima,8.77,935,3.55,1009528,City_17,4.0,3.895,0.5,2.0,0.25,0.0,0.0,0.0,0.0,0.0,0.0,99.8,86.7,136.6,0.1510957324106112,0.3362079499712478,0.3716388137855752,0.009379679144385,1103960.2039215686,0.1932539995713076,39500.0,True,103.7074520451761
Spain,Tenerife,8.12,930,3.58,4407721,City_26,3.0,3.2900000000000005,0.0,2.0,0.25,0.0,0.0,0.0,0.0,0.0,0.0,88.3,66.4,112.1,0.3298192771084335,0.2749496837262796,0.2636929941927871,0.0087311827956989,5568398.736219879,0.1924904037364557,39400.0,True,73.14060331186006
USA,Nashville,7.63,759,3.65,3163928,City_39,3.0,3.9500000000000006,0.0,2.0,0.25,0.0,0.0,0.0,0.0,0.0,0.0,120.9,105.5,86.64999999999995,0.1459715639810427,0.3799525589419207,0.3385175865499761,0.0100527009222661,3444482.9425592413,0.1920392324936879,39400.0,True,113.7610822136214
USA,Washington D.C.,9.09,1379,3.56,8634539,City_15,2.0,3.21,-0.5,2.0,0.25,0.0,0.0,0.0,0.0,0.0,0.0,120.9,105.5,86.64999999999995,0.1459715639810427,0.2579427832087407,0.559637762823358,0.0065917331399564,9400189.353981042,0.1871823845085897,39000.0,True,113.7610822136214
France,Saint-Malo,9.25,811,4.05,4830964,City_45,1.0,1.41,0.0,2.0,0.25,0.0,0.0,0.0,0.0,0.0,0.0,84.9,81.2,73.65,0.0455665024630542,0.2246118458884416,0.3447564077181106,0.0114056720098643,4798539.426354679,0.1813419371642849,38600.0,True,83.35657903943562
Morocco,El Jadida,8.35,949,3.67,6107382,City_45,5.0,3.3200000000000003,-0.4,2.0,0.25,0.0,0.0,0.0,0.0,0.0,0.0,99.8,86.7,136.6,0.1510957324106112,0.3119860552041404,0.40784137991139,0.0087987355110642,6678672.2885813145,0.1798733145711475,38500.0,True,103.7074520451761
Spain,Cordoba,7.68,623,3.63,7533878,City_13,0.0,3.63,0.0,2.0,0.7,1.0,0.0,0.0,0.0,0.0,0.0,88.3,66.4,112.1,0.3298192771084335,0.3342222541690627,0.1868213094499136,0.0123274478330658,8616078.728373492,0.1794973655320612,38500.0,False,73.14060331186006
USA,Boston,7.44,566,4.16,8392194,City_5,4.0,2.87,-0.25,2.0,0.7,1.0,0.0,0.0,0.0,0.0,0.0,120.9,105.5,86.64999999999995,0.1459715639810427,0.4402242668200116,0.4036609841813782,0.0131448763250883,8270805.487734597,0.1788119007171363,38400.0,False,113.7610822136214
USA,Savannah,8.28,381,4.43,590063,City_3,4.0,2.4425,-0.5,2.0,0.25,0.0,0.0,0.0,0.0,0.0,0.0,120.9,105.5,86.64999999999995,0.1459715639810427,0.489398540828062,0.4044465141243409,0.0217322834645669,642385.6480094786,0.1783451189186831,38400.0,True,113.7610822136214
Spain,Toledo,8.85,1009,3.54,7173993,City_39,3.0,3.673333333333333,-0.3333333333333333,2.0,0.4666666666666666,0.6666666666666666,0.0,0.0,0.0,0.0,0.0,88.3,66.4,112.1,0.3298192771084335,0.3059624784358828,0.385359802850149,0.0087710604558969,8649703.527951807,0.1720252106586273,37900.0,True,73.14060331186006
France,Strasbourg,9.05,743,4.16,10058721,City_38,1.0,4.84,-1.0,2.0,0.7,1.0,0.0,0.0,0.0,0.0,0.0,84.9,81.2,73.65,0.0455665024630542,0.6759955434157563,0.3872783427459397,0.0121803499327052,9044673.092290642,0.1699010356717015,37700.0,False,83.35657903943562
France,Reims,8.57,444,4.21,3519595,City_20,2.0,3.16,0.0,2.0,0.7,1.0,0.0,0.0,0.0,0.0,0.0,84.9,81.2,73.65,0.0455665024630542,0.4935127947096033,0.2688881881983113,0.0193018018018018,3164774.74544335,0.1679017320500725,37600.0,False,83.35657903943562
Spain,Granada,9.97,1240,3.89,11510968,City_29,1.0,3.95,-1.0,3.0,0.7,1.0,0.0,0.0,0.0,0.0,0.0,88.3,66.4,112.1,0.3298192771084335,0.46914174813111,0.5303459891679903,0.0080403225806451,13164456.144337349,0.1639994610081866,37300.0,False,73.14060331186006
Portugal,Cascais,7.17,1102,4.42,7936550,City_23,1.0,4.55,-1.0,1.0,0.7,1.0,0.0,0.0,0.0,0.0,0.0,89.6,65.5,73.54999999999997,0.3679389312977098,0.7379097182288672,0.158775078054364,0.0065063520871143,9214334.55,0.1639393317449122,37300.0,False,76.99807786585852
USA,New Orleans,8.59,1482,3.63,3861096,City_8,2.0,3.13,0.0,2.0,0.25,0.0,0.0,0.0,0.0,0.0,0.0,120.9,105.5,86.64999999999995,0.1459715639810427,0.2743818286371478,0.4398224481378823,0.0057962213225371,4203470.9107109,0.1626432233717836,37200.0,True,113.7610822136214
Italy,Rimini,7.63,1145,3.86,2411949,City_44,1.0,2.27,0.0,2.0,0.25,0.0,0.0,0.0,0.0,0.0,0.0,116.3,118.7,118.99999999999996,-0.0202190395956192,0.2569292696952271,0.2651453009554452,0.0066637554585152,2245022.6222830666,0.1357336213720059,35200.0,True,120.22269841564314
France,Rouen,7.48,1068,4.37,1414638,City_19,3.0,1.873333333333333,-0.3333333333333333,2.0,0.25,0.0,0.0,0.0,0.0,0.0,0.0,84.9,81.2,73.65,0.0455665024630542,0.3989828924669351,0.1343188536492588,0.007003745318352,1405143.2006157634,0.1269682985746805,34500.0,True,83.35657903943562
Italy,Perugia,7.97,950,4.44,548967,City_6,2.0,2.33,-0.5,2.0,0.25,0.0,0.0,0.0,0.0,0.0,0.0,116.3,118.7,118.99999999999996,-0.0202190395956192,0.4796506612995976,0.3033035040238502,0.0083894736842105,510974.0437657961,0.1229967905296661,34200.0,True,120.22269841564314
Portugal,Tomar,7.28,300,4.1,1014610,City_48,2.0,1.985,0.0,3.0,0.7,1.0,0.0,0.0,0.0,0.0,0.0,89.6,65.5,73.54999999999997,0.3679389312977098,0.3120094163312247,0.1055335667834523,0.0242666666666666,1177962.21,0.1203120335034911,34000.0,False,76.99807786585852
Portugal,Monsanto,9.78,651,4.14,101337,City_16,1.0,4.07,-1.0,1.0,0.25,0.0,0.0,0.0,0.0,0.0,0.0,89.6,65.5,73.54999999999997,0.3679389312977098,0.5764088556641749,0.3691413637086652,0.0150230414746543,129964.7025,0.1197146915185654,34000.0,True,76.99807786585852
France,Avignon,7.33,760,3.71,5553993,City_7,1.0,2.27,0.0,2.0,0.7,1.0,0.0,0.0,0.0,0.0,0.0,84.9,81.2,73.65,0.0455665024630542,0.2011860264519839,0.1261226588867072,0.0096447368421052,4994079.370714286,0.0910378199927897,31800.0,False,83.35657903943562
Spain,Ronda,9.14,823,3.56,2260155,City_1,4.0,3.67,0.0,3.0,0.7,1.0,0.0,0.0,0.0,0.0,0.0,88.3,66.4,112.1,0.3298192771084335,0.3129959746981025,0.3789226638572815,0.0111057108140947,2584814.01189759,0.0887731772512119,31700.0,False,73.14060331186006
USA,Seattle,9.13,531,4.19,4781086,City_24,2.0,1.94,-1.0,1.0,0.7,1.0,0.0,0.0,0.0,0.0,0.0,120.9,105.5,86.64999999999995,0.1459715639810427,0.3400697239792986,0.5155491696354736,0.0171939736346516,4711930.196815166,0.0568862348147221,29300.0,False,113.7610822136214
Germany,Regensburg,9.98,1212,3.66,3955517,City_15,1.0,1.79,0.0,2.0,0.7,1.0,0.0,0.0,0.0,0.0,0.0,139.7,135.9,76.19999999999999,0.0279617365710079,0.1251581368602646,0.6702721405136735,0.0082343234323432,3496863.306946283,0.0486817778469588,28700.0,False,136.89617138486955
Spain,Santiago de Compostela,8.61,755,3.65,3317620,City_36,1.0,2.16,-1.0,2.0,0.4666666666666666,0.6666666666666666,0.0,0.0,0.0,0.0,0.0,88.3,66.4,112.1,0.3298192771084335,0.1657238355376654,0.2651567230060714,0.0114039735099337,4000063.7606425695,0.0286107996110171,27100.0,True,73.14060331186006
