country,period,demand_index,visitors,attractiveness,cost,rating,sentiment_score,weather_score,campaign_budget,marketing_priority,market_signal,target_next_period,lag_1,lag_2,lag_3,lag_7,lag_14,lag_30,rolling_mean_3,rolling_mean_7,rolling_mean_14,rolling_mean_30,rolling_std_7,rolling_std_30,rolling_min_30,rolling_max_30,month_num,month,quarter,year,time_index
France,2022-01-01,91.8,185458668,8.73,859.3,4.289,-0.08583333333333334,0.33125,120000.0,0.29504228427205,91.8,97.8,108.3,108.5,110.4,112.2,110.9,118.5,109.5,111.60000000000001,114.96363636363635,115.26666666666667,10.828269878952414,12.004860126909712,89.6,128.7,1,1,1,2022,0
France,2022-02-01,97.8,185458668,8.73,859.3,4.289,-0.08583333333333334,0.33125,120000.0,0.29504228427205,97.8,92.5,91.8,108.5,110.4,112.2,110.9,118.5,91.8,91.8,91.8,91.8,10.828269878952414,12.004860126909712,91.8,91.8,2,2,1,2022,1
France,2022-03-01,92.5,185458668,8.73,859.3,4.289,-0.08583333333333334,0.33125,120000.0,0.29504228427205,92.5,92.5,97.8,91.8,110.4,112.2,110.9,118.5,94.8,94.8,94.8,94.8,4.242640687119285,4.242640687119285,91.8,97.8,3,3,1,2022,2
France,2022-04-01,92.5,185458668,8.73,859.3,4.289,-0.08583333333333334,0.33125,120000.0,0.29504228427205,92.5,90.0,92.5,97.8,91.8,112.2,110.9,118.5,94.03333333333335,94.03333333333335,94.03333333333335,94.03333333333335,3.2807519463277512,3.2807519463277512,91.8,97.8,4,4,2,2022,3
France,2022-05-01,90.0,185458668,8.73,859.3,4.289,-0.08583333333333334,0.33125,120000.0,0.29504228427205,90.0,87.4,92.5,92.5,97.8,112.2,110.9,118.5,94.26666666666665,93.65,93.65,93.65,2.7862758896658693,2.7862758896658693,91.8,97.8,5,5,2,2022,4
France,2022-06-01,87.4,185458668,8.73,859.3,4.289,-0.08583333333333334,0.33125,120000.0,0.29504228427205,87.4,88.4,90.0,92.5,92.5,112.2,110.9,118.5,91.66666666666667,92.92,92.92,92.92,2.9132456127144524,2.9132456127144524,90.0,97.8,6,6,2,2022,5
France,2022-07-01,88.4,185458668,8.73,859.3,4.289,-0.08583333333333334,0.33125,120000.0,0.29504228427205,88.4,62.3,87.4,90.0,92.5,112.2,110.9,118.5,89.96666666666665,92.0,92.0,92.0,3.444996371551064,3.444996371551064,87.4,97.8,7,7,3,2022,6
France,2022-08-01,62.3,185458668,8.73,859.3,4.289,-0.08583333333333334,0.33125,120000.0,0.29504228427205,62.3,67.9,88.4,87.4,90.0,91.8,110.9,118.5,88.60000000000001,91.48571428571428,91.48571428571428,91.48571428571428,3.426576800748607,3.426576800748607,87.4,97.8,8,8,3,2022,7
France,2022-09-01,67.9,185458668,8.73,859.3,4.289,-0.08583333333333334,0.33125,120000.0,0.29504228427205,67.9,77.7,62.3,88.4,87.4,97.8,110.9,118.5,79.36666666666667,87.27142857142859,87.8375,87.8375,11.5313650949218,10.795361106909365,62.3,97.8,9,9,3,2022,8
France,2022-10-01,77.7,185458668,8.73,859.3,4.289,-0.08583333333333334,0.33125,120000.0,0.29504228427205,77.7,89.0,67.9,62.3,88.4,92.5,110.9,118.5,72.86666666666667,83.0,85.62222222222222,85.62222222222222,12.48011752081418,12.08881484862947,62.3,97.8,10,10,4,2022,9
France,2022-12-01,89.0,185458668,8.73,859.3,4.289,-0.08583333333333334,0.33125,120000.0,0.29504228427205,89.0,105.2,77.7,67.9,62.3,92.5,110.9,118.5,69.3,80.88571428571429,84.83,84.83,11.83968307169136,11.669528220493268,62.3,97.8,12,12,4,2022,10
France,2023-01-01,105.2,185458668,8.73,859.3,4.289,-0.08583333333333334,0.33125,120000.0,0.29504228427205,105.2,86.9,89.0,77.7,67.9,90.0,110.9,118.5,78.2,80.38571428571429,85.2090909090909,85.2090909090909,11.330405784352779,11.141853934193762,62.3,97.8,1,1,1,2023,11
France,2023-02-01,86.9,185458668,8.73,859.3,4.289,-0.08583333333333334,0.33125,120000.0,0.29504228427205,86.9,108.5,105.2,89.0,77.7,87.4,110.9,118.5,90.63333333333333,82.55714285714285,86.875,86.875,14.494695252960312,12.089599211343154,62.3,105.2,2,2,1,2023,12
France,2023-03-01,108.5,185458668,8.73,859.3,4.289,-0.08583333333333334,0.33125,120000.0,0.29504228427205,108.5,88.2,86.9,105.2,89.0,88.4,110.9,118.5,93.7,82.48571428571428,86.87692307692308,86.87692307692308,14.468060060172602,11.574912083622479,62.3,105.2,3,3,1,2023,13
France,2023-04-01,88.2,185458668,8.73,859.3,4.289,-0.08583333333333334,0.33125,120000.0,0.29504228427205,88.2,98.9,108.5,86.9,105.2,62.3,91.8,118.5,100.2,85.35714285714286,88.42142857142858,88.42142857142858,17.51188711921677,12.532737350415728,62.3,108.5,4,4,2,2023,14
France,2023-05-01,98.9,185458668,8.73,859.3,4.289,-0.08583333333333334,0.33125,120000.0,0.29504228427205,98.9,87.5,88.2,108.5,86.9,67.9,97.8,118.5,94.53333333333335,89.05714285714285,88.16428571428573,88.40666666666667,14.263105919686293,12.076983224693315,62.3,108.5,5,5,2,2023,15
France,2023-06-01,87.5,185458668,8.73,859.3,4.289,-0.08583333333333334,0.33125,120000.0,0.29504228427205,87.5,73.2,98.9,88.2,108.5,77.7,92.5,118.5,98.53333333333335,93.48571428571428,88.24285714285715,89.0625,11.049800687709027,11.958755509388647,62.3,108.5,6,6,2,2023,16
France,2023-07-01,73.2,185458668,8.73,859.3,4.289,-0.08583333333333334,0.33125,120000.0,0.29504228427205,73.2,70.3,87.5,98.9,88.2,89.0,92.5,118.5,91.53333333333335,94.88571428571429,87.88571428571429,88.97058823529412,9.178857694257395,11.585214969190382,62.3,108.5,7,7,3,2023,17
France,2023-08-01,70.3,185458668,8.73,859.3,4.289,-0.08583333333333334,0.33125,120000.0,0.29504228427205,70.3,68.8,73.2,87.5,98.9,105.2,90.0,118.5,86.53333333333335,92.62857142857145,86.50714285714287,88.09444444444445,12.28464004162843,11.838047942332691,62.3,108.5,8,8,3,2023,18
France,2023-09-01,68.8,185458668,8.73,859.3,4.289,-0.08583333333333334,0.33125,120000.0,0.29504228427205,68.8,73.2,70.3,73.2,87.5,86.9,87.4,118.5,77.0,87.64285714285714,85.10000000000001,87.15789473684211,13.366607291163682,12.207343681820456,62.3,108.5,9,9,3,2023,19
France,2023-10-01,73.2,185458668,8.73,859.3,4.289,-0.08583333333333334,0.33125,120000.0,0.29504228427205,73.2,77.8,68.8,70.3,73.2,108.5,88.4,118.5,70.76666666666667,85.05714285714286,83.77142857142857,86.24,15.164086646070162,12.570868579462012,62.3,108.5,10,10,4,2023,20
France,2023-11-01,77.8,185458668,8.73,859.3,4.289,-0.08583333333333334,0.33125,120000.0,0.29504228427205,77.8,87.2,73.2,68.8,70.3,88.2,62.3,118.5,70.76666666666667,80.01428571428572,82.68571428571428,85.61904761904762,11.494263579633746,12.578657283176891,62.3,108.5,11,11,4,2023,21
France,2023-12-01,87.2,185458668,8.73,859.3,4.289,-0.08583333333333334,0.33125,120000.0,0.29504228427205,87.2,94.7,77.8,73.2,68.8,98.9,67.9,118.5,73.26666666666667,78.52857142857144,83.79285714285713,85.26363636363637,10.917526320205527,12.388187363258039,62.3,108.5,12,12,4,2023,22
France,2024-01-01,94.7,185458668,8.73,859.3,4.289,-0.08583333333333334,0.33125,120000.0,0.29504228427205,94.7,85.5,87.2,77.8,73.2,87.5,77.7,118.5,79.39999999999999,76.85714285714286,85.17142857142858,85.34782608695652,7.700618404357097,12.110096072181689,62.3,108.5,1,1,1,2024,23
France,2024-02-01,85.5,185458668,8.73,859.3,4.289,-0.08583333333333334,0.33125,120000.0,0.29504228427205,85.5,96.3,94.7,87.2,77.8,73.2,89.0,118.5,86.56666666666666,77.88571428571429,86.38571428571429,85.7375,9.604587197693336,11.996768133633905,62.3,108.5,2,2,1,2024,24
France,2024-03-01,96.3,185458668,8.73,859.3,4.289,-0.08583333333333334,0.33125,120000.0,0.29504228427205,96.3,95.5,85.5,94.7,87.2,70.3,105.2,118.5,89.13333333333333,79.64285714285714,86.13571428571429,85.728,9.728798682752323,11.744272362872609,62.3,108.5,3,3,1,2024,25
France,2024-04-01,95.5,185458668,8.73,859.3,4.289,-0.08583333333333334,0.33125,120000.0,0.29504228427205,95.5,88.6,96.3,85.5,94.7,68.8,86.9,118.5,92.16666666666667,83.35714285714286,85.5,86.13461538461539,10.499977324238532,11.692286082975983,62.3,108.5,4,4,2,2024,26
France,2024-05-01,88.6,185458668,8.73,859.3,4.289,-0.08583333333333334,0.33125,120000.0,0.29504228427205,88.6,79.6,95.5,96.3,85.5,73.2,108.5,118.5,92.43333333333334,87.17142857142856,86.11428571428571,86.48148148148148,9.084733400181902,11.606034141343395,62.3,108.5,5,5,2,2024,27
France,2024-06-01,79.6,185458668,8.73,859.3,4.289,-0.08583333333333334,0.33125,120000.0,0.29504228427205,79.6,75.2,88.6,95.5,96.3,77.8,88.2,118.5,93.46666666666665,89.37142857142858,84.69285714285714,86.55714285714285,6.685236043131212,11.396114626109574,62.3,108.5,6,6,2,2024,28
France,2024-07-01,75.2,185458668,8.73,859.3,4.289,-0.08583333333333334,0.33125,120000.0,0.29504228427205,75.2,72.5,79.6,88.6,95.5,87.2,98.9,118.5,87.89999999999999,89.62857142857142,84.07857142857144,86.31724137931033,6.181616370528076,11.265087310723633,62.3,108.5,7,7,3,2024,29
France,2024-08-01,72.5,185458668,8.73,859.3,4.289,-0.08583333333333334,0.33125,120000.0,0.29504228427205,72.5,56.0,75.2,79.6,88.6,94.7,87.5,91.8,81.13333333333333,87.91428571428571,82.38571428571429,85.94666666666667,8.276357606948537,11.253711520583142,62.3,108.5,8,8,3,2024,30
France,2024-09-01,56.0,185458668,8.73,859.3,4.289,-0.08583333333333334,0.33125,120000.0,0.29504228427205,56.0,66.1,72.5,75.2,79.6,85.5,73.2,97.8,75.76666666666667,84.74285714285713,81.31428571428572,85.30333333333333,9.417511550803821,11.457371767385919,62.3,108.5,9,9,3,2024,31
France,2024-10-01,66.1,185458668,8.73,859.3,4.289,-0.08583333333333334,0.33125,120000.0,0.29504228427205,66.1,81.2,56.0,72.5,75.2,96.3,70.3,92.5,67.89999999999999,80.52857142857142,80.08571428571429,83.91000000000001,14.33756305254536,12.389020444983002,56.0,108.5,10,10,4,2024,32
France,2024-11-01,81.2,185458668,8.73,859.3,4.289,-0.08583333333333334,0.33125,120000.0,0.29504228427205,81.2,84.9,66.1,56.0,72.5,95.5,68.8,92.5,64.86666666666667,76.21428571428571,79.78571428571429,83.03,13.307570348167545,12.69173366598416,56.0,108.5,11,11,4,2024,33
Germany,2022-01-01,150.7,242992982,8.7195,863.15,4.189,0.09416666666666668,0.20875,0.0,0.3635322744359314,150.7,147.8,108.3,108.5,110.4,112.2,110.9,118.5,109.5,111.60000000000001,114.96363636363635,115.26666666666667,10.828269878952414,12.004860126909712,89.6,128.7,1,1,1,2022,0
Germany,2022-02-01,147.8,242992982,8.7195,863.15,4.189,0.09416666666666668,0.20875,0.0,0.3635322744359314,147.8,147.6,150.7,108.5,110.4,112.2,110.9,118.5,150.7,150.7,150.7,150.7,10.828269878952414,12.004860126909712,150.7,150.7,2,2,1,2022,1
Germany,2022-03-01,147.6,242992982,8.7195,863.15,4.189,0.09416666666666668,0.20875,0.0,0.3635322744359314,147.6,144.6,147.8,150.7,110.4,112.2,110.9,118.5,149.25,149.25,149.25,149.25,2.050609665440972,2.050609665440972,147.8,150.7,3,3,1,2022,2
Germany,2022-04-01,144.6,242992982,8.7195,863.15,4.189,0.09416666666666668,0.20875,0.0,0.3635322744359314,144.6,147.1,147.6,147.8,150.7,112.2,110.9,118.5,148.70000000000002,148.70000000000002,148.70000000000002,148.70000000000002,1.7349351572897374,1.7349351572897374,147.6,150.7,4,4,2,2022,3
Germany,2022-05-01,147.1,242992982,8.7195,863.15,4.189,0.09416666666666668,0.20875,0.0,0.3635322744359314,147.1,129.4,144.6,147.6,147.8,112.2,110.9,118.5,146.66666666666666,147.675,147.675,147.675,2.4918199506919883,2.4918199506919883,144.6,150.7,5,5,2,2022,4
Germany,2022-06-01,129.4,242992982,8.7195,863.15,4.189,0.09416666666666668,0.20875,0.0,0.3635322744359314,129.4,122.1,147.1,144.6,147.6,112.2,110.9,118.5,146.4333333333333,147.56,147.56,147.56,2.1732464195299994,2.1732464195299994,144.6,150.7,6,6,2,2022,5
Germany,2022-07-01,122.1,242992982,8.7195,863.15,4.189,0.09416666666666668,0.20875,0.0,0.3635322744359314,122.1,121.5,129.4,147.1,144.6,112.2,110.9,118.5,140.36666666666665,144.53333333333333,144.53333333333333,144.53333333333333,7.6643764695287775,7.6643764695287775,129.4,150.7,7,7,3,2022,6
Germany,2022-08-01,121.5,242992982,8.7195,863.15,4.189,0.09416666666666668,0.20875,0.0,0.3635322744359314,121.5,131.9,122.1,129.4,147.1,150.7,110.9,118.5,132.86666666666667,141.32857142857142,141.32857142857142,141.32857142857142,10.992984776015742,10.992984776015742,122.1,150.7,8,8,3,2022,7
Germany,2022-09-01,131.9,242992982,8.7195,863.15,4.189,0.09416666666666668,0.20875,0.0,0.3635322744359314,131.9,134.6,121.5,122.1,129.4,147.8,110.9,118.5,124.33333333333333,137.15714285714284,138.85,138.85,12.305941267379335,12.358340156694624,121.5,150.7,9,9,3,2022,8
Germany,2022-10-01,134.6,242992982,8.7195,863.15,4.189,0.09416666666666668,0.20875,0.0,0.3635322744359314,134.6,130.7,131.9,121.5,122.1,147.6,110.9,118.5,125.16666666666667,134.8857142857143,138.07777777777778,138.07777777777778,11.451845349320816,11.79001460747373,121.5,150.7,10,10,4,2022,9
Germany,2022-11-01,130.7,242992982,8.7195,863.15,4.189,0.09416666666666668,0.20875,0.0,0.3635322744359314,130.7,136.9,134.6,131.9,121.5,144.6,110.9,118.5,129.33333333333334,133.0285714285714,137.73,137.73,10.009614425759851,11.170004476274821,121.5,150.7,11,11,4,2022,10
Germany,2022-12-01,136.9,242992982,8.7195,863.15,4.189,0.09416666666666668,0.20875,0.0,0.3635322744359314,136.9,137.4,130.7,134.6,131.9,147.1,110.9,118.5,132.4,131.04285714285714,137.0909090909091,137.0909090909091,8.612753555601275,10.80670667182693,121.5,150.7,12,12,4,2022,11
Germany,2023-01-01,137.4,242992982,8.7195,863.15,4.189,0.09416666666666668,0.20875,0.0,0.3635322744359314,137.4,151.9,136.9,130.7,134.6,129.4,110.9,118.5,134.06666666666663,129.5857142857143,137.07500000000002,137.07500000000002,5.869249972363905,10.30393790565704,121.5,150.7,1,1,1,2023,12
Germany,2023-02-01,151.9,242992982,8.7195,863.15,4.189,0.09416666666666668,0.20875,0.0,0.3635322744359314,151.9,153.3,137.4,136.9,130.7,122.1,110.9,118.5,135.0,130.72857142857143,137.1,137.1,6.564732613420966,9.865681257098585,121.5,150.7,2,2,1,2023,13
Germany,2023-03-01,153.3,242992982,8.7195,863.15,4.189,0.09416666666666668,0.20875,0.0,0.3635322744359314,153.3,146.1,151.9,137.4,136.9,121.5,150.7,118.5,142.0666666666667,134.9857142857143,138.15714285714287,138.15714285714287,9.178676115763869,10.270848537016276,121.5,151.9,3,3,1,2023,14
Germany,2023-04-01,146.1,242992982,8.7195,863.15,4.189,0.09416666666666668,0.20875,0.0,0.3635322744359314,146.1,151.3,153.3,151.9,137.4,131.9,147.8,118.5,147.53333333333333,139.52857142857144,138.34285714285713,139.16666666666666,9.260798073188942,10.641540346791,121.5,153.3,4,4,2,2023,15
Germany,2023-05-01,151.3,242992982,8.7195,863.15,4.189,0.09416666666666668,0.20875,0.0,0.3635322744359314,151.3,136.7,146.1,153.3,151.9,134.6,147.6,118.5,150.43333333333334,141.55714285714285,138.22142857142856,139.6,8.857738075238112,10.425801328115414,121.5,153.3,5,5,2,2023,16
Germany,2023-06-01,136.7,242992982,8.7195,863.15,4.189,0.09416666666666668,0.20875,0.0,0.3635322744359314,136.7,129.1,151.3,146.1,153.3,130.7,144.6,118.5,150.23333333333332,143.94285714285715,138.4857142857143,140.28823529411764,8.920361940126439,10.48599556271012,121.5,153.3,6,6,2,2023,17
Germany,2023-07-01,129.1,242992982,8.7195,863.15,4.189,0.09416666666666668,0.20875,0.0,0.3635322744359314,129.1,139.2,136.7,151.3,146.1,136.9,147.1,118.5,144.7,144.8,137.92142857142855,140.08888888888887,7.630858405186086,10.208006597412165,121.5,153.3,7,7,3,2023,18
Germany,2023-08-01,139.2,242992982,8.7195,863.15,4.189,0.09416666666666668,0.20875,0.0,0.3635322744359314,139.2,127.6,129.1,136.7,151.3,137.4,129.4,118.5,139.03333333333333,143.68571428571428,136.6357142857143,139.51052631578946,9.352081510093234,10.235716049253003,121.5,153.3,8,8,3,2023,19
Germany,2023-09-01,127.6,242992982,8.7195,863.15,4.189,0.09416666666666668,0.20875,0.0,0.3635322744359314,127.6,114.8,139.2,129.1,136.7,151.9,122.1,118.5,135.0,143.94285714285715,137.33571428571426,139.495,9.173486640468626,9.962956388542501,121.5,153.3,9,9,3,2023,20
Germany,2023-10-01,114.8,242992982,8.7195,863.15,4.189,0.09416666666666668,0.20875,0.0,0.3635322744359314,114.8,135.9,127.6,139.2,129.1,153.3,121.5,118.5,131.96666666666667,140.4714285714286,137.72857142857143,138.92857142857142,10.20077027903841,10.051623891548205,121.5,153.3,10,10,4,2023,21
Germany,2023-11-01,135.9,242992982,8.7195,863.15,4.189,0.09416666666666668,0.20875,0.0,0.3635322744359314,135.9,133.5,114.8,127.6,139.2,146.1,131.9,118.5,127.19999999999999,134.97142857142856,137.25,137.8318181818182,12.295217808252923,11.076417951306931,114.8,153.3,11,11,4,2023,22
Germany,2023-12-01,133.5,242992982,8.7195,863.15,4.189,0.09416666666666668,0.20875,0.0,0.3635322744359314,133.5,147.8,135.9,114.8,127.6,151.3,134.6,118.5,126.09999999999998,133.5142857142857,137.53571428571428,137.7478260869565,11.3224597697715,10.829247836098867,114.8,153.3,12,12,4,2023,23
Germany,2024-01-01,147.8,242992982,8.7195,863.15,4.189,0.09416666666666668,0.20875,0.0,0.3635322744359314,147.8,155.5,133.5,135.9,114.8,136.7,130.7,118.5,128.06666666666666,130.97142857142856,137.45714285714286,137.57083333333333,8.242110224474049,10.62664735737339,114.8,153.3,1,1,1,2024,24
Germany,2024-02-01,155.5,242992982,8.7195,863.15,4.189,0.09416666666666668,0.20875,0.0,0.3635322744359314,155.5,148.6,147.8,133.5,135.9,129.1,136.9,118.5,139.06666666666666,132.55714285714285,138.67857142857142,137.98,10.330998200054177,10.602161729257539,114.8,153.3,2,2,1,2024,25
Germany,2024-03-01,148.6,242992982,8.7195,863.15,4.189,0.09416666666666668,0.20875,0.0,0.3635322744359314,148.6,155.6,155.5,147.8,133.5,139.2,137.4,118.5,145.6,136.32857142857142,140.00714285714284,138.65384615384616,13.261688465364424,10.941452582513188,114.8,155.5,3,3,1,2024,26
Germany,2024-04-01,155.6,242992982,8.7195,863.15,4.189,0.09416666666666668,0.20875,0.0,0.3635322744359314,155.6,146.4,148.6,155.5,147.8,127.6,151.9,118.5,150.63333333333333,137.67142857142858,140.80714285714285,139.0222222222222,14.053198246391453,10.898388495317631,114.8,155.5,4,4,2,2024,27
Germany,2024-05-01,146.4,242992982,8.7195,863.15,4.189,0.09416666666666668,0.20875,0.0,0.3635322744359314,146.4,150.7,155.6,148.6,155.5,114.8,153.3,118.5,153.23333333333332,141.67142857142858,141.07142857142858,139.6142857142857,14.679658747817662,11.144097068443875,114.8,155.6,5,5,2,2024,28
Germany,2024-06-01,150.7,242992982,8.7195,863.15,4.189,0.09416666666666668,0.20875,0.0,0.3635322744359314,150.7,130.0,146.4,155.6,148.6,135.9,146.1,118.5,150.20000000000002,146.18571428571428,140.57857142857142,139.84827586206896,8.66591571838163,11.015593515222443,114.8,155.6,6,6,2,2024,29
Germany,2024-07-01,130.0,242992982,8.7195,863.15,4.189,0.09416666666666668,0.20875,0.0,0.3635322744359314,130.0,120.7,150.7,146.4,155.6,133.5,151.3,150.7,150.89999999999998,148.3,140.90714285714287,140.21,7.459669340303578,11.003834754772754,114.8,155.6,7,7,3,2024,30
Germany,2024-08-01,120.7,242992982,8.7195,863.15,4.189,0.09416666666666668,0.20875,0.0,0.3635322744359314,120.7,127.8,130.0,150.7,146.4,147.8,136.7,147.8,142.36666666666667,147.8,139.38571428571427,139.52,8.640794716536895,10.972328832112163,114.8,155.6,8,8,3,2024,31
Germany,2024-09-01,127.8,242992982,8.7195,863.15,4.189,0.09416666666666668,0.20875,0.0,0.3635322744359314,127.8,137.3,120.7,130.0,150.7,155.5,129.1,147.6,133.8,143.92857142857142,138.24285714285716,138.61666666666667,13.400710713206456,11.375293352286546,114.8,155.6,9,9,3,2024,32
Germany,2024-10-01,137.3,242992982,8.7195,863.15,4.189,0.09416666666666668,0.20875,0.0,0.3635322744359314,137.3,135.9,127.8,120.7,130.0,148.6,139.2,144.6,126.16666666666667,139.97142857142856,138.15,137.95666666666665,13.503667932048925,11.410451450264809,114.8,155.6,10,10,4,2024,33
Germany,2024-11-01,135.9,242992982,8.7195,863.15,4.189,0.09416666666666668,0.20875,0.0,0.3635322744359314,135.9,139.7,137.3,127.8,120.7,155.6,127.6,147.1,128.6,138.35714285714286,138.0142857142857,137.71333333333334,12.964934392796703,11.341523747695453,114.8,155.6,11,11,4,2024,34
Italy,2022-01-01,125.3,215815801,8.632,954.0,4.3235,-0.05833333333333333,0.2758333333333333,0.0,0.31099415208317555,125.3,119.0,108.3,108.5,110.4,112.2,110.9,118.5,109.5,111.60000000000001,114.96363636363635,115.26666666666667,10.828269878952414,12.004860126909712,89.6,128.7,1,1,1,2022,0
Italy,2022-02-01,119.0,215815801,8.632,954.0,4.3235,-0.05833333333333333,0.2758333333333333,0.0,0.31099415208317555,119.0,124.9,125.3,108.5,110.4,112.2,110.9,118.5,125.3,125.3,125.3,125.3,10.828269878952414,12.004860126909712,125.3,125.3,2,2,1,2022,1
Italy,2022-03-01,124.9,215815801,8.632,954.0,4.3235,-0.05833333333333333,0.2758333333333333,0.0,0.31099415208317555,124.9,137.6,119.0,125.3,110.4,112.2,110.9,118.5,122.15,122.15,122.15,122.15,4.454772721475252,4.454772721475252,119.0,125.3,3,3,1,2022,2
Italy,2022-04-01,137.6,215815801,8.632,954.0,4.3235,-0.05833333333333333,0.2758333333333333,0.0,0.31099415208317555,137.6,118.3,124.9,119.0,125.3,112.2,110.9,118.5,123.06666666666666,123.06666666666666,123.06666666666666,123.06666666666666,3.5275109260402497,3.5275109260402497,119.0,125.3,4,4,2,2022,3
Italy,2022-05-01,118.3,215815801,8.632,954.0,4.3235,-0.05833333333333333,0.2758333333333333,0.0,0.31099415208317555,118.3,118.5,137.6,124.9,119.0,112.2,110.9,118.5,127.16666666666667,126.7,126.7,126.7,7.8166488983451154,7.8166488983451154,119.0,137.6,5,5,2,2022,4
Italy,2022-06-01,118.5,215815801,8.632,954.0,4.3235,-0.05833333333333333,0.2758333333333333,0.0,0.31099415208317555,118.5,113.4,118.3,137.6,124.9,112.2,110.9,118.5,126.93333333333334,125.02000000000001,125.02000000000001,125.02000000000001,7.741898991849476,7.741898991849476,118.3,137.6,6,6,2,2022,5
Italy,2022-07-01,113.4,215815801,8.632,954.0,4.3235,-0.05833333333333333,0.2758333333333333,0.0,0.31099415208317555,113.4,96.8,118.5,118.3,137.6,112.2,110.9,118.5,124.80000000000001,123.93333333333334,123.93333333333334,123.93333333333334,7.4185353451113665,7.4185353451113665,118.3,137.6,7,7,3,2022,6
Italy,2022-08-01,96.8,215815801,8.632,954.0,4.3235,-0.05833333333333333,0.2758333333333333,0.0,0.31099415208317555,96.8,89.6,113.4,118.5,118.3,125.3,110.9,118.5,116.73333333333333,122.42857142857143,122.42857142857143,122.42857142857143,7.855722815399033,7.855722815399033,113.4,137.6,8,8,3,2022,7
Italy,2022-09-01,89.6,215815801,8.632,954.0,4.3235,-0.05833333333333333,0.2758333333333333,0.0,0.31099415208317555,89.6,105.5,96.8,113.4,118.5,119.0,110.9,118.5,109.56666666666666,118.35714285714286,119.225,119.225,12.266601966703078,11.618919300618524,96.8,137.6,9,9,3,2022,8
Italy,2022-10-01,105.5,215815801,8.632,954.0,4.3235,-0.05833333333333333,0.2758333333333333,0.0,0.31099415208317555,105.5,115.7,89.6,96.8,113.4,124.9,110.9,118.5,99.93333333333332,114.15714285714286,115.93333333333334,115.93333333333334,16.35999767144005,14.684685900624498,89.6,137.6,10,10,4,2022,9
Italy,2022-11-01,115.7,215815801,8.632,954.0,4.3235,-0.05833333333333333,0.2758333333333333,0.0,0.31099415208317555,115.7,118.6,105.5,89.6,96.8,137.6,110.9,118.5,97.3,111.38571428571427,114.89000000000001,114.89000000000001,15.872767934571524,14.232548768384543,89.6,137.6,11,11,4,2022,10
Italy,2022-12-01,118.6,215815801,8.632,954.0,4.3235,-0.05833333333333333,0.2758333333333333,0.0,0.31099415208317555,118.6,113.3,115.7,105.5,89.6,118.3,110.9,118.5,103.60000000000001,108.25714285714285,114.96363636363635,114.96363636363635,11.362050452105493,13.50438985865505,89.6,137.6,12,12,4,2022,11
Italy,2023-01-01,113.3,215815801,8.632,954.0,4.3235,-0.05833333333333333,0.2758333333333333,0.0,0.31099415208317555,113.3,132.1,118.6,115.7,105.5,118.5,110.9,118.5,113.26666666666667,108.3,115.26666666666667,115.26666666666667,11.4067231637019,12.91864989662291,89.6,137.6,1,1,1,2023,12
Italy,2023-02-01,132.1,215815801,8.632,954.0,4.3235,-0.05833333333333333,0.2758333333333333,0.0,0.31099415208317555,132.1,130.9,113.3,118.6,115.7,113.4,110.9,118.5,115.86666666666667,107.55714285714285,115.11538461538461,115.11538461538461,10.784071145731124,12.380686986448298,89.6,137.6,2,2,1,2023,13
Italy,2023-03-01,130.9,215815801,8.632,954.0,4.3235,-0.05833333333333333,0.2758333333333333,0.0,0.31099415208317555,130.9,137.3,132.1,113.3,118.6,96.8,125.3,118.5,121.33333333333333,110.22857142857143,116.32857142857142,116.32857142857142,14.236305031586708,12.731694465232975,89.6,137.6,3,3,1,2023,14
Italy,2023-04-01,137.3,215815801,8.632,954.0,4.3235,-0.05833333333333333,0.2758333333333333,0.0,0.31099415208317555,137.3,131.3,130.9,132.1,113.3,89.6,119.0,118.5,125.43333333333332,115.1,116.72857142857143,117.3,14.702040674681868,12.832492242072744,89.6,137.6,4,4,2,2023,15
Italy,2023-05-01,131.3,215815801,8.632,954.0,4.3235,-0.05833333333333333,0.2758333333333333,0.0,0.31099415208317555,131.3,115.0,137.3,130.9,132.1,105.5,124.9,118.5,133.43333333333337,121.91428571428573,118.03571428571429,118.55,11.650812356716957,13.367672447612813,89.6,137.6,5,5,2,2023,16
Italy,2023-06-01,115.0,215815801,8.632,954.0,4.3235,-0.05833333333333333,0.2758333333333333,0.0,0.31099415208317555,115.0,94.7,131.3,137.3,130.9,115.7,137.6,118.5,133.16666666666666,125.60000000000001,118.49285714285715,119.3,9.469424480928073,13.307469706897708,89.6,137.6,6,6,2,2023,17
Italy,2023-07-01,94.7,215815801,8.632,954.0,4.3235,-0.05833333333333333,0.2758333333333333,0.0,0.31099415208317555,94.7,93.2,115.0,131.3,137.3,118.6,118.3,118.5,127.86666666666667,125.5,116.87857142857145,119.0611111111111,9.594269122762812,12.949864359448123,89.6,137.6,7,7,3,2023,18
Italy,2023-08-01,93.2,215815801,8.632,954.0,4.3235,-0.05833333333333333,0.2758333333333333,0.0,0.31099415208317555,93.2,108.6,94.7,115.0,131.3,113.3,118.5,118.5,113.66666666666667,122.08571428571429,115.19285714285715,117.77894736842106,15.120232424517441,13.770160127664477,89.6,137.6,8,8,3,2023,19
Italy,2023-09-01,108.6,215815801,8.632,954.0,4.3235,-0.05833333333333333,0.2758333333333333,0.0,0.31099415208317555,108.6,102.6,93.2,94.7,115.0,132.1,113.4,118.5,100.96666666666665,119.21428571428571,113.38571428571429,116.55,18.579597104658344,14.485982335020513,89.6,137.6,9,9,3,2023,20
Italy,2023-10-01,102.6,215815801,8.632,954.0,4.3235,-0.05833333333333333,0.2758333333333333,0.0,0.31099415208317555,102.6,113.1,108.6,93.2,94.7,130.9,96.8,118.5,98.83333333333333,115.85714285714286,113.04285714285713,116.17142857142856,17.976545565713977,14.22536969140496,89.6,137.6,10,10,4,2023,21
Italy,2023-11-01,113.1,215815801,8.632,954.0,4.3235,-0.05833333333333333,0.2758333333333333,0.0,0.31099415208317555,113.1,117.3,102.6,108.6,93.2,137.3,89.6,118.5,101.46666666666665,111.81428571428572,113.45714285714287,115.55454545454545,17.194905114735658,14.180863271214594,89.6,137.6,11,11,4,2023,22
Italy,2023-12-01,117.3,215815801,8.632,954.0,4.3235,-0.05833333333333333,0.2758333333333333,0.0,0.31099415208317555,117.3,130.0,113.1,102.6,108.6,131.3,105.5,118.5,108.09999999999998,108.35714285714286,115.13571428571427,115.44782608695652,13.181155379664474,13.864272907048052,89.6,137.6,12,12,4,2023,23
Italy,2024-01-01,130.0,215815801,8.632,954.0,4.3235,-0.05833333333333333,0.2758333333333333,0.0,0.31099415208317555,130.0,138.4,117.3,113.1,102.6,115.0,115.7,118.5,111.0,106.35714285714286,115.97857142857141,115.52499999999999,9.730169087749248,13.564796189112975,89.6,137.6,1,1,1,2024,24
Italy,2024-02-01,138.4,215815801,8.632,954.0,4.3235,-0.05833333333333333,0.2758333333333333,0.0,0.31099415208317555,138.4,127.6,130.0,117.3,113.1,94.7,118.6,118.5,120.13333333333333,108.5,117.0,116.104,13.039683022732332,13.591096350184557,89.6,137.6,2,2,1,2024,25
Italy,2024-03-01,127.6,215815801,8.632,954.0,4.3235,-0.05833333333333333,0.2758333333333333,0.0,0.31099415208317555,127.6,126.1,138.4,130.0,117.3,93.2,113.3,118.5,128.5666666666667,114.74285714285713,118.41428571428571,116.96153846153847,15.550761732988866,14.016021601669339,89.6,138.4,3,3,1,2024,26
Italy,2024-04-01,126.1,215815801,8.632,954.0,4.3235,-0.05833333333333333,0.2758333333333333,0.0,0.31099415208317555,126.1,122.6,127.6,138.4,130.0,108.6,132.1,118.5,132.0,119.65714285714286,119.43571428571428,117.35555555555555,12.800502222290245,13.89549825644521,89.6,138.4,4,4,2,2024,27
Italy,2024-05-01,122.6,215815801,8.632,954.0,4.3235,-0.05833333333333333,0.2758333333333333,0.0,0.31099415208317555,122.6,105.3,126.1,127.6,138.4,102.6,130.9,118.5,130.70000000000002,122.15714285714286,119.00714285714287,117.66785714285713,11.962560643225908,13.735519070169289,89.6,138.4,5,5,2,2024,28
Italy,2024-06-01,105.3,215815801,8.632,954.0,4.3235,-0.05833333333333333,0.2758333333333333,0.0,0.31099415208317555,105.3,121.2,122.6,126.1,127.6,113.1,137.3,118.5,125.43333333333332,125.0142857142857,118.41428571428571,117.83793103448276,8.358514335978743,13.51907154972199,89.6,138.4,6,6,2,2024,29
Italy,2024-07-01,121.2,215815801,8.632,954.0,4.3235,-0.05833333333333333,0.2758333333333333,0.0,0.31099415208317555,121.2,104.8,105.3,122.6,126.1,117.3,131.3,125.3,118.0,123.9,116.12857142857142,117.42,10.46581737530966,13.479726795553338,89.6,138.4,7,7,3,2024,30
Italy,2024-08-01,104.8,215815801,8.632,954.0,4.3235,-0.05833333333333333,0.2758333333333333,0.0,0.31099415208317555,104.8,102.5,121.2,105.3,122.6,130.0,115.0,119.0,116.36666666666667,124.45714285714287,115.40714285714286,117.28333333333333,10.155106620621506,13.41772074105947,89.6,138.4,8,8,3,2024,31
Italy,2024-09-01,102.5,215815801,8.632,954.0,4.3235,-0.05833333333333333,0.2758333333333333,0.0,0.31099415208317555,102.5,105.5,104.8,121.2,105.3,138.4,94.7,124.9,110.43333333333334,120.85714285714286,114.67857142857142,116.80999999999999,12.136152210490389,13.604242492439758,89.6,138.4,9,9,3,2024,32
Italy,2024-10-01,105.5,215815801,8.632,954.0,4.3235,-0.05833333333333333,0.2758333333333333,0.0,0.31099415208317555,105.5,118.7,102.5,104.8,121.2,127.6,93.2,137.6,109.5,115.72857142857143,115.23571428571428,116.06333333333333,11.02145094587737,13.758746016771406,89.6,138.4,10,10,4,2024,33
Italy,2024-11-01,118.7,215815801,8.632,954.0,4.3235,-0.05833333333333333,0.2758333333333333,0.0,0.31099415208317555,118.7,116.3,105.5,102.5,104.8,126.1,108.6,118.3,104.26666666666667,112.57142857142857,116.11428571428571,114.99333333333333,10.187854580449272,13.26545769342664,89.6,138.4,11,11,4,2024,34
Japan,2022-01-01,135.6,244449345,8.58,743.45,4.39,0.04166666666666667,0.26,100000.0,0.3736337560738388,135.6,151.5,108.3,108.5,110.4,112.2,110.9,118.5,109.5,111.60000000000001,114.96363636363635,115.26666666666667,10.828269878952414,12.004860126909712,89.6,128.7,1,1,1,2022,0
Japan,2022-02-01,151.5,244449345,8.58,743.45,4.39,0.04166666666666667,0.26,100000.0,0.3736337560738388,151.5,147.3,135.6,108.5,110.4,112.2,110.9,118.5,135.6,135.6,135.6,135.6,10.828269878952414,12.004860126909712,135.6,135.6,2,2,1,2022,1
Japan,2022-03-01,147.3,244449345,8.58,743.45,4.39,0.04166666666666667,0.26,100000.0,0.3736337560738388,147.3,142.7,151.5,135.6,110.4,112.2,110.9,118.5,143.55,143.55,143.55,143.55,11.2429978208661,11.2429978208661,135.6,151.5,3,3,1,2022,2
Japan,2022-04-01,142.7,244449345,8.58,743.45,4.39,0.04166666666666667,0.26,100000.0,0.3736337560738388,142.7,139.2,147.3,151.5,135.6,112.2,110.9,118.5,144.79999999999998,144.79999999999998,144.79999999999998,144.79999999999998,8.239538822045802,8.239538822045802,135.6,151.5,4,4,2,2022,3
Japan,2022-05-01,139.2,244449345,8.58,743.45,4.39,0.04166666666666667,0.26,100000.0,0.3736337560738388,139.2,140.1,142.7,147.3,151.5,112.2,110.9,118.5,147.16666666666666,144.275,144.275,144.275,6.809001395212074,6.809001395212074,135.6,151.5,5,5,2,2022,4
Japan,2022-06-01,140.1,244449345,8.58,743.45,4.39,0.04166666666666667,0.26,100000.0,0.3736337560738388,140.1,127.6,139.2,142.7,147.3,112.2,110.9,118.5,143.06666666666663,143.26,143.26,143.26,6.318465003464054,6.318465003464054,135.6,151.5,6,6,2,2022,5
Japan,2022-07-01,127.6,244449345,8.58,743.45,4.39,0.04166666666666667,0.26,100000.0,0.3736337560738388,127.6,119.0,140.1,139.2,142.7,112.2,110.9,118.5,140.66666666666666,142.73333333333332,142.73333333333332,142.73333333333332,5.796780715765145,5.796780715765145,135.6,151.5,7,7,3,2022,6
Japan,2022-08-01,119.0,244449345,8.58,743.45,4.39,0.04166666666666667,0.26,100000.0,0.3736337560738388,119.0,121.9,127.6,140.1,139.2,135.6,110.9,118.5,135.63333333333333,140.57142857142858,140.57142857142858,140.57142857142858,7.792242784914211,7.792242784914211,127.6,151.5,8,8,3,2022,7
Japan,2022-09-01,121.9,244449345,8.58,743.45,4.39,0.04166666666666667,0.26,100000.0,0.3736337560738388,121.9,129.5,119.0,127.6,140.1,151.5,110.9,118.5,128.9,138.2,137.875,137.875,11.295721904036643,10.498129085018634,119.0,151.5,9,9,3,2022,8
Japan,2022-10-01,129.5,244449345,8.58,743.45,4.39,0.04166666666666667,0.26,100000.0,0.3736337560738388,129.5,117.8,121.9,119.0,127.6,147.3,110.9,118.5,122.83333333333333,133.97142857142856,136.10000000000002,136.10000000000002,11.024172574501032,11.170944454252734,119.0,151.5,10,10,4,2022,9
Japan,2022-11-01,117.8,244449345,8.58,743.45,4.39,0.04166666666666667,0.26,100000.0,0.3736337560738388,117.8,137.9,129.5,121.9,119.0,142.7,110.9,118.5,123.46666666666665,131.42857142857142,135.44,135.44,9.365488826130786,10.73687312230355,119.0,151.5,11,11,4,2022,10
Japan,2022-12-01,137.9,244449345,8.58,743.45,4.39,0.04166666666666667,0.26,100000.0,0.3736337560738388,137.9,142.0,117.8,129.5,121.9,139.2,110.9,118.5,123.06666666666666,127.87142857142855,133.83636363636364,133.83636363636364,9.095734217334,11.490889672020414,117.8,151.5,12,12,4,2022,11
Japan,2023-01-01,142.0,244449345,8.58,743.45,4.39,0.04166666666666667,0.26,100000.0,0.3736337560738388,142.0,149.2,137.9,117.8,129.5,140.1,110.9,118.5,128.4,127.68571428571428,134.17499999999998,134.17499999999998,8.835426526476327,11.018754673076922,117.8,151.5,1,1,1,2023,12
Japan,2023-02-01,149.2,244449345,8.58,743.45,4.39,0.04166666666666667,0.26,100000.0,0.3736337560738388,149.2,153.3,142.0,137.9,117.8,127.6,110.9,118.5,132.5666666666667,127.95714285714287,134.77692307692308,134.77692307692308,9.297465092317196,10.770573634224704,117.8,151.5,2,2,1,2023,13
Japan,2023-03-01,153.3,244449345,8.58,743.45,4.39,0.04166666666666667,0.26,100000.0,0.3736337560738388,153.3,157.3,149.2,142.0,137.9,119.0,135.6,118.5,143.03333333333333,131.04285714285714,135.80714285714285,135.80714285714285,12.268775698612183,11.04267695288213,117.8,151.5,3,3,1,2023,14
Japan,2023-04-01,157.3,244449345,8.58,743.45,4.39,0.04166666666666667,0.26,100000.0,0.3736337560738388,157.3,124.8,153.3,149.2,142.0,121.9,151.5,118.5,148.16666666666666,135.94285714285712,137.07142857142858,136.97333333333333,13.450013276679597,11.559873125024627,117.8,153.3,4,4,2,2023,15
Japan,2023-05-01,124.8,244449345,8.58,743.45,4.39,0.04166666666666667,0.26,100000.0,0.3736337560738388,124.8,146.2,157.3,153.3,149.2,129.5,147.3,118.5,153.26666666666668,141.0,137.4857142857143,138.24375,13.936283579204355,12.26968995804974,117.8,157.3,5,5,2,2023,16
Japan,2023-06-01,146.2,244449345,8.58,743.45,4.39,0.04166666666666667,0.26,100000.0,0.3736337560738388,146.2,137.2,124.8,157.3,153.3,117.8,142.7,118.5,145.13333333333335,140.32857142857142,135.87857142857143,137.45294117647057,14.676252278847684,12.31940124595443,117.8,157.3,6,6,2,2023,17
Japan,2023-07-01,137.2,244449345,8.58,743.45,4.39,0.04166666666666667,0.26,100000.0,0.3736337560738388,137.2,127.6,146.2,124.8,157.3,137.9,139.2,118.5,142.76666666666668,144.3857142857143,136.12857142857143,137.9388888888889,10.832578728297495,12.128097609847428,117.8,157.3,7,7,3,2023,18
Japan,2023-08-01,127.6,244449345,8.58,743.45,4.39,0.04166666666666667,0.26,100000.0,0.3736337560738388,127.6,128.4,137.2,146.2,124.8,142.0,140.1,118.5,136.06666666666666,144.28571428571428,135.9857142857143,137.9,10.905415867269655,11.787611198957055,117.8,157.3,8,8,3,2023,19
Japan,2023-09-01,128.4,244449345,8.58,743.45,4.39,0.04166666666666667,0.26,100000.0,0.3736337560738388,128.4,112.2,127.6,137.2,146.2,149.2,127.6,118.5,137.0,142.22857142857143,135.09285714285713,137.385,12.630216979623993,11.702103949380438,117.8,157.3,9,9,3,2023,20
Japan,2023-10-01,112.2,244449345,8.58,743.45,4.39,0.04166666666666667,0.26,100000.0,0.3736337560738388,112.2,119.6,128.4,127.6,137.2,153.3,119.0,118.5,131.06666666666666,139.25714285714284,135.15,136.95714285714286,13.152674904476962,11.573096881499412,117.8,157.3,10,10,4,2023,21
Japan,2023-11-01,119.6,244449345,8.58,743.45,4.39,0.04166666666666667,0.26,100000.0,0.3736337560738388,119.6,132.4,112.2,128.4,127.6,157.3,121.9,118.5,122.73333333333333,133.3857142857143,134.6642857142857,135.8318181818182,14.89702750791005,12.466694156971334,112.2,157.3,11,11,4,2023,22
Japan,2023-12-01,132.4,244449345,8.58,743.45,4.39,0.04166666666666667,0.26,100000.0,0.3736337560738388,132.4,139.5,119.6,112.2,128.4,124.8,129.5,118.5,120.06666666666666,128.0,134.5,135.12608695652173,11.155267813907452,12.641569860486056,112.2,157.3,12,12,4,2023,23
Japan,2024-01-01,139.5,244449345,8.58,743.45,4.39,0.04166666666666667,0.26,100000.0,0.3736337560738388,139.5,145.4,132.4,119.6,112.2,146.2,117.8,118.5,121.40000000000002,129.0857142857143,134.70714285714286,135.01250000000002,11.161754427721547,12.376215355339417,112.2,157.3,1,1,1,2024,24
Japan,2024-02-01,145.4,244449345,8.58,743.45,4.39,0.04166666666666667,0.26,100000.0,0.3736337560738388,145.4,154.9,139.5,132.4,119.6,137.2,137.9,118.5,130.5,128.12857142857143,136.25714285714284,135.192,9.632015068806417,12.148831219504205,112.2,157.3,2,2,1,2024,25
Japan,2024-03-01,154.9,244449345,8.58,743.45,4.39,0.04166666666666667,0.26,100000.0,0.3736337560738388,154.9,134.9,145.4,139.5,132.4,127.6,142.0,118.5,139.1,129.3,136.79285714285714,135.58461538461538,11.277263261388663,12.070549028364612,112.2,157.3,3,3,1,2024,26
Japan,2024-04-01,134.9,244449345,8.58,743.45,4.39,0.04166666666666667,0.26,100000.0,0.3736337560738388,134.9,150.2,154.9,145.4,139.5,128.4,149.2,118.5,146.60000000000002,133.20000000000002,137.71428571428572,136.29999999999998,14.770804536878378,12.406139919100852,112.2,157.3,4,4,2,2024,27
Japan,2024-05-01,150.2,244449345,8.58,743.45,4.39,0.04166666666666667,0.26,100000.0,0.3736337560738388,150.2,127.3,134.9,154.9,145.4,112.2,153.3,118.5,145.0666666666667,134.12857142857143,136.69285714285715,136.25,14.622324745141633,12.177103590421321,112.2,157.3,5,5,2,2024,28
Japan,2024-06-01,127.3,244449345,8.58,743.45,4.39,0.04166666666666667,0.26,100000.0,0.3736337560738388,127.3,119.5,150.2,134.9,154.9,119.6,157.3,118.5,146.66666666666669,139.55714285714285,136.4714285714286,136.73103448275862,11.930473187438604,12.2350522051626,112.2,157.3,6,6,2,2024,29
Japan,2024-07-01,119.5,244449345,8.58,743.45,4.39,0.04166666666666667,0.26,100000.0,0.3736337560738388,119.5,123.0,127.3,150.2,134.9,132.4,124.8,135.6,137.46666666666667,140.65714285714287,134.32857142857145,136.41666666666666,9.979121060637466,12.144931774863618,112.2,157.3,7,7,3,2024,30
Japan,2024-08-01,123.0,244449345,8.58,743.45,4.39,0.04166666666666667,0.26,100000.0,0.3736337560738388,123.0,112.2,119.5,127.3,150.2,139.5,146.2,151.5,132.33333333333334,138.81428571428572,133.95,135.88,12.604024300652126,12.531818812870728,112.2,157.3,8,8,3,2024,31
Japan,2024-09-01,112.2,244449345,8.58,743.45,4.39,0.04166666666666667,0.26,100000.0,0.3736337560738388,112.2,111.1,123.0,119.5,127.3,145.4,137.2,147.3,123.26666666666667,136.45714285714286,132.29285714285714,134.93,13.92777287088131,12.386286911269085,112.2,157.3,9,9,3,2024,32
Japan,2024-10-01,111.1,244449345,8.58,743.45,4.39,0.04166666666666667,0.26,100000.0,0.3736337560738388,111.1,126.9,112.2,123.0,119.5,154.9,127.6,142.7,118.23333333333335,131.71428571428572,130.50714285714287,133.76,15.889559315415086,12.82743826388547,112.2,157.3,10,10,4,2024,33
Japan,2024-11-01,126.9,244449345,8.58,743.45,4.39,0.04166666666666667,0.26,100000.0,0.3736337560738388,126.9,127.5,111.1,112.2,123.0,134.9,128.4,139.2,115.43333333333334,125.45714285714284,129.32857142857142,132.70666666666665,13.712385781092998,13.35460487114343,111.1,157.3,11,11,4,2024,34
Morocco,2022-01-01,113.2,211728929,8.34,845.4,4.295,0.1025,0.23166666666666663,0.0,0.36301615747875005,113.2,120.5,108.3,108.5,110.4,112.2,110.9,118.5,109.5,111.60000000000001,114.96363636363635,115.26666666666667,10.828269878952414,12.004860126909712,89.6,128.7,1,1,1,2022,0
Morocco,2022-02-01,120.5,211728929,8.34,845.4,4.295,0.1025,0.23166666666666663,0.0,0.36301615747875005,120.5,113.8,113.2,108.5,110.4,112.2,110.9,118.5,113.2,113.2,113.2,113.2,10.828269878952414,12.004860126909712,113.2,113.2,2,2,1,2022,1
Morocco,2022-03-01,113.8,211728929,8.34,845.4,4.295,0.1025,0.23166666666666663,0.0,0.36301615747875005,113.8,116.5,120.5,113.2,110.4,112.2,110.9,118.5,116.85,116.85,116.85,116.85,5.1618795026618,5.1618795026618,113.2,120.5,3,3,1,2022,2
Morocco,2022-04-01,116.5,211728929,8.34,845.4,4.295,0.1025,0.23166666666666663,0.0,0.36301615747875005,116.5,121.2,113.8,120.5,113.2,112.2,110.9,118.5,115.83333333333333,115.83333333333333,115.83333333333333,115.83333333333333,4.052571200279317,4.052571200279317,113.2,120.5,4,4,2,2022,3
Morocco,2022-05-01,121.2,211728929,8.34,845.4,4.295,0.1025,0.23166666666666663,0.0,0.36301615747875005,121.2,115.1,116.5,113.8,120.5,112.2,110.9,118.5,116.93333333333334,116.0,116.0,116.0,3.325657829663179,3.325657829663179,113.2,120.5,5,5,2,2022,4
Morocco,2022-06-01,115.1,211728929,8.34,845.4,4.295,0.1025,0.23166666666666663,0.0,0.36301615747875005,115.1,117.4,121.2,116.5,113.8,112.2,110.9,118.5,117.16666666666667,117.04,117.04,117.04,3.701756339901372,3.701756339901372,113.2,121.2,6,6,2,2022,5
Morocco,2022-07-01,117.4,211728929,8.34,845.4,4.295,0.1025,0.23166666666666663,0.0,0.36301615747875005,117.4,92.5,115.1,121.2,116.5,112.2,110.9,118.5,117.60000000000001,116.71666666666665,116.71666666666665,116.71666666666665,3.4043599496332164,3.4043599496332164,113.2,121.2,7,7,3,2022,6
Morocco,2022-08-01,92.5,211728929,8.34,845.4,4.295,0.1025,0.23166666666666663,0.0,0.36301615747875005,92.5,86.4,117.4,115.1,121.2,113.2,110.9,118.5,117.89999999999999,116.81428571428572,116.81428571428572,116.81428571428572,3.118455050944604,3.118455050944604,113.2,121.2,8,8,3,2022,7
Morocco,2022-09-01,86.4,211728929,8.34,845.4,4.295,0.1025,0.23166666666666663,0.0,0.36301615747875005,86.4,89.4,92.5,117.4,115.1,120.5,110.9,118.5,108.33333333333333,113.85714285714286,113.775,113.775,9.791638804418314,9.068272791914207,92.5,121.2,9,9,3,2022,8
Morocco,2022-10-01,89.4,211728929,8.34,845.4,4.295,0.1025,0.23166666666666663,0.0,0.36301615747875005,89.4,91.4,86.4,92.5,117.4,113.8,110.9,118.5,98.76666666666667,108.98571428571428,110.73333333333333,110.73333333333333,13.655942366045702,12.458731877683219,86.4,121.2,10,10,4,2022,9
Morocco,2022-11-01,91.4,211728929,8.34,845.4,4.295,0.1025,0.23166666666666663,0.0,0.36301615747875005,91.4,105.5,89.4,86.4,92.5,116.5,110.9,118.5,89.43333333333334,105.5,108.6,108.6,15.244015219094996,13.5456430059427,86.4,121.2,11,11,4,2022,10
Morocco,2022-12-01,105.5,211728929,8.34,845.4,4.295,0.1025,0.23166666666666663,0.0,0.36301615747875005,105.5,116.2,91.4,89.4,86.4,121.2,110.9,118.5,89.06666666666668,101.91428571428571,107.03636363636365,107.03636363636365,15.177222909283996,13.857508630866711,86.4,121.2,12,12,4,2022,11
Morocco,2023-01-01,116.2,211728929,8.34,845.4,4.295,0.1025,0.23166666666666663,0.0,0.36301615747875005,116.2,118.8,105.5,91.4,89.4,115.1,110.9,118.5,95.43333333333334,99.67142857142856,106.90833333333335,106.90833333333335,12.83091504735265,13.220057648982632,86.4,121.2,1,1,1,2023,12
Morocco,2023-02-01,118.8,211728929,8.34,845.4,4.295,0.1025,0.23166666666666663,0.0,0.36301615747875005,118.8,128.7,116.2,105.5,91.4,117.4,110.9,118.5,104.36666666666667,99.82857142857144,107.62307692307692,107.62307692307692,13.056124269950125,12.916923901491526,86.4,121.2,2,2,1,2023,13
Morocco,2023-03-01,128.7,211728929,8.34,845.4,4.295,0.1025,0.23166666666666663,0.0,0.36301615747875005,128.7,117.4,118.8,116.2,105.5,92.5,113.2,118.5,113.5,100.02857142857142,108.42142857142858,108.42142857142858,13.376934662036016,12.764625311408842,86.4,121.2,3,3,1,2023,14
Morocco,2023-04-01,117.4,211728929,8.34,845.4,4.295,0.1025,0.23166666666666663,0.0,0.36301615747875005,117.4,111.1,128.7,118.8,116.2,86.4,120.5,118.5,121.23333333333333,105.2,109.52857142857144,109.77333333333333,16.592267275250023,13.368324324241058,86.4,128.7,4,4,2,2023,15
Morocco,2023-05-01,111.1,211728929,8.34,845.4,4.295,0.1025,0.23166666666666663,0.0,0.36301615747875005,111.1,101.9,117.4,128.7,118.8,89.4,113.8,118.5,121.63333333333333,109.62857142857142,109.30714285714285,110.25,14.775736223700683,13.055011809007805,86.4,128.7,5,5,2,2023,16
Morocco,2023-06-01,101.9,211728929,8.34,845.4,4.295,0.1025,0.23166666666666663,0.0,0.36301615747875005,101.9,87.1,111.1,117.4,128.7,91.4,116.5,118.5,119.06666666666666,112.72857142857143,109.11428571428571,110.3,11.801371994492019,12.64214182802898,86.4,128.7,6,6,2,2023,17
Morocco,2023-07-01,87.1,211728929,8.34,845.4,4.295,0.1025,0.23166666666666663,0.0,0.36301615747875005,87.1,82.0,101.9,111.1,117.4,105.5,121.2,118.5,110.13333333333333,114.22857142857143,108.07142857142857,109.83333333333333,8.965064470062698,12.423459781444796,86.4,128.7,7,7,3,2023,18
Morocco,2023-08-01,82.0,211728929,8.34,845.4,4.295,0.1025,0.23166666666666663,0.0,0.36301615747875005,82.0,82.7,87.1,101.9,111.1,116.2,115.1,118.5,100.03333333333335,111.60000000000001,105.63571428571429,108.63684210526316,13.500864169871981,13.151730368887067,86.4,128.7,8,8,3,2023,19
Morocco,2023-09-01,82.7,211728929,8.34,845.4,4.295,0.1025,0.23166666666666663,0.0,0.36301615747875005,82.7,102.1,82.0,87.1,101.9,118.8,117.4,118.5,90.33333333333333,106.71428571428571,103.27142857142859,107.30499999999999,17.231504922808156,14.11879952403886,82.0,128.7,9,9,3,2023,20
Morocco,2023-10-01,102.1,211728929,8.34,845.4,4.295,0.1025,0.23166666666666663,0.0,0.36301615747875005,102.1,104.8,82.7,82.0,87.1,128.7,92.5,118.5,83.93333333333334,101.55714285714286,100.79285714285713,106.13333333333334,18.375695646048083,14.77167334235811,82.0,128.7,10,10,4,2023,21
Morocco,2023-11-01,104.8,211728929,8.34,845.4,4.295,0.1025,0.23166666666666663,0.0,0.36301615747875005,104.8,115.6,102.1,82.7,82.0,117.4,86.4,118.5,88.93333333333334,97.75714285714285,101.47857142857143,105.95,14.074072751322698,14.441301550628681,82.0,128.7,11,11,4,2023,22
Morocco,2023-12-01,115.6,211728929,8.34,845.4,4.295,0.1025,0.23166666666666663,0.0,0.36301615747875005,115.6,104.2,104.8,102.1,82.7,111.1,89.4,118.5,96.53333333333335,95.95714285714287,102.79285714285716,105.89999999999999,11.758381002906994,14.111310743835627,82.0,128.7,12,12,4,2023,23
Morocco,2024-01-01,104.2,211728929,8.34,845.4,4.295,0.1025,0.23166666666666663,0.0,0.36301615747875005,104.2,105.2,115.6,104.8,102.1,101.9,91.4,118.5,107.5,96.60000000000001,104.66428571428571,106.30416666666667,12.801041624284599,13.942443150843136,82.0,128.7,1,1,1,2024,24
Morocco,2024-02-01,105.2,211728929,8.34,845.4,4.295,0.1025,0.23166666666666663,0.0,0.36301615747875005,105.2,116.4,104.2,115.6,104.8,87.1,105.5,118.5,108.19999999999999,96.92857142857143,105.57857142857142,106.22,12.987906462771992,13.655371348545106,82.0,128.7,2,2,1,2024,25
Morocco,2024-03-01,116.4,211728929,8.34,845.4,4.295,0.1025,0.23166666666666663,0.0,0.36301615747875005,116.4,120.2,105.2,104.2,115.6,82.0,116.2,118.5,108.33333333333333,99.51428571428572,105.55714285714285,106.18076923076923,12.497523564214442,13.380972138997052,82.0,128.7,3,3,1,2024,26
Morocco,2024-04-01,120.2,211728929,8.34,845.4,4.295,0.1025,0.23166666666666663,0.0,0.36301615747875005,120.2,117.0,116.4,105.2,104.2,82.7,118.8,118.5,108.60000000000001,104.42857142857143,105.57142857142857,106.55925925925925,11.153880383931293,13.267695274302083,82.0,128.7,4,4,2,2024,27
Morocco,2024-05-01,117.0,211728929,8.34,845.4,4.295,0.1025,0.23166666666666663,0.0,0.36301615747875005,117.0,113.3,120.2,116.4,105.2,102.1,128.7,118.5,113.93333333333334,109.78571428571429,105.67142857142856,107.04642857142858,7.327670974106384,13.272429852136877,82.0,128.7,5,5,2,2024,28
Morocco,2024-06-01,113.3,211728929,8.34,845.4,4.295,0.1025,0.23166666666666663,0.0,0.36301615747875005,113.3,100.5,117.0,120.2,116.4,104.8,117.4,118.5,117.86666666666667,111.91428571428573,104.83571428571427,107.3896551724138,6.872997543873732,13.163676886134873,82.0,128.7,6,6,2,2024,29
Morocco,2024-07-01,100.5,211728929,8.34,845.4,4.295,0.1025,0.23166666666666663,0.0,0.36301615747875005,100.5,105.2,113.3,117.0,120.2,115.6,111.1,113.2,116.83333333333333,113.12857142857142,104.54285714285713,107.58666666666666,6.115748601142785,12.979658710069575,82.0,128.7,7,7,3,2024,30
Morocco,2024-08-01,105.2,211728929,8.34,845.4,4.295,0.1025,0.23166666666666663,0.0,0.36301615747875005,105.2,89.4,100.5,113.3,117.0,104.2,101.9,120.5,110.26666666666667,110.97142857142856,103.78571428571429,107.16333333333334,7.5852300087547455,12.997360032563993,82.0,128.7,8,8,3,2024,31
Morocco,2024-09-01,89.4,211728929,8.34,845.4,4.295,0.1025,0.23166666666666663,0.0,0.36301615747875005,89.4,86.6,105.2,100.5,113.3,105.2,87.1,113.8,106.33333333333333,111.11428571428573,104.02142857142857,106.65333333333335,7.444556976169085,12.753896857724355,82.0,128.7,9,9,3,2024,32
Morocco,2024-10-01,86.6,211728929,8.34,845.4,4.295,0.1025,0.23166666666666663,0.0,0.36301615747875005,86.6,86.7,89.4,105.2,100.5,116.4,82.0,116.5,98.36666666666667,108.85714285714286,104.18571428571428,105.83999999999999,11.05589693977185,13.056841250787873,82.0,128.7,10,10,4,2024,33
Morocco,2024-11-01,86.7,211728929,8.34,845.4,4.295,0.1025,0.23166666666666663,0.0,0.36301615747875005,86.7,99.8,86.6,89.4,105.2,120.2,82.7,121.2,93.73333333333333,104.60000000000001,104.5142857142857,104.84333333333333,13.197348218486919,13.352894128584834,82.0,128.7,11,11,4,2024,34
Portugal,2022-01-01,91.3,154762938,8.285,750.05,4.2405,0.058333333333333334,0.27999999999999997,30000.0,0.3453405687805658,91.3,102.8,108.3,108.5,110.4,112.2,110.9,118.5,109.5,111.60000000000001,114.96363636363635,115.26666666666667,10.828269878952414,12.004860126909712,89.6,128.7,1,1,1,2022,0
Portugal,2022-02-01,102.8,154762938,8.285,750.05,4.2405,0.058333333333333334,0.27999999999999997,30000.0,0.3453405687805658,102.8,95.6,91.3,108.5,110.4,112.2,110.9,118.5,91.3,91.3,91.3,91.3,10.828269878952414,12.004860126909712,91.3,91.3,2,2,1,2022,1
Portugal,2022-03-01,95.6,154762938,8.285,750.05,4.2405,0.058333333333333334,0.27999999999999997,30000.0,0.3453405687805658,95.6,101.8,102.8,91.3,110.4,112.2,110.9,118.5,97.05,97.05,97.05,97.05,8.131727983645296,8.131727983645296,91.3,102.8,3,3,1,2022,2
Portugal,2022-04-01,101.8,154762938,8.285,750.05,4.2405,0.058333333333333334,0.27999999999999997,30000.0,0.3453405687805658,101.8,100.2,95.6,102.8,91.3,112.2,110.9,118.5,96.56666666666666,96.56666666666666,96.56666666666666,96.56666666666666,5.810622456616273,5.810622456616273,91.3,102.8,4,4,2,2022,3
Portugal,2022-05-01,100.2,154762938,8.285,750.05,4.2405,0.058333333333333334,0.27999999999999997,30000.0,0.3453405687805658,100.2,96.5,101.8,95.6,102.8,112.2,110.9,118.5,100.06666666666666,97.875,97.875,97.875,5.418102373832865,5.418102373832865,91.3,102.8,5,5,2,2022,4
Portugal,2022-06-01,96.5,154762938,8.285,750.05,4.2405,0.058333333333333334,0.27999999999999997,30000.0,0.3453405687805658,96.5,78.9,100.2,101.8,95.6,112.2,110.9,118.5,99.2,98.34,98.34,98.34,4.806037869180808,4.806037869180808,91.3,102.8,6,6,2,2022,5
Portugal,2022-07-01,78.9,154762938,8.285,750.05,4.2405,0.058333333333333334,0.27999999999999997,30000.0,0.3453405687805658,78.9,83.6,96.5,100.2,101.8,112.2,110.9,118.5,99.5,98.03333333333335,98.03333333333335,98.03333333333335,4.363790401321616,4.363790401321616,91.3,102.8,7,7,3,2022,6
Portugal,2022-08-01,83.6,154762938,8.285,750.05,4.2405,0.058333333333333334,0.27999999999999997,30000.0,0.3453405687805658,83.6,79.2,78.9,96.5,100.2,91.3,110.9,118.5,91.86666666666667,95.3,95.3,95.3,8.25631071766722,8.25631071766722,78.9,102.8,8,8,3,2022,7
Portugal,2022-09-01,79.2,154762938,8.285,750.05,4.2405,0.058333333333333334,0.27999999999999997,30000.0,0.3453405687805658,79.2,67.0,83.6,78.9,96.5,102.8,110.9,118.5,86.33333333333333,94.20000000000002,93.8375,93.8375,9.322195735626522,8.691364762140143,78.9,102.8,9,9,3,2022,8
Portugal,2022-10-01,67.0,154762938,8.285,750.05,4.2405,0.058333333333333334,0.27999999999999997,30000.0,0.3453405687805658,67.0,71.0,79.2,83.6,78.9,95.6,110.9,118.5,80.56666666666666,90.82857142857142,92.21111111111111,92.21111111111111,9.940609351831219,9.48175147908397,78.9,102.8,10,10,4,2022,9
Portugal,2022-11-01,71.0,154762938,8.285,750.05,4.2405,0.058333333333333334,0.27999999999999997,30000.0,0.3453405687805658,71.0,84.9,67.0,79.2,83.6,101.8,110.9,118.5,76.60000000000001,86.74285714285715,89.69,89.69,13.045287417666344,11.978077196834777,67.0,102.8,11,11,4,2022,10
Portugal,2022-12-01,84.9,154762938,8.285,750.05,4.2405,0.058333333333333334,0.27999999999999997,30000.0,0.3453405687805658,84.9,101.7,71.0,67.0,79.2,100.2,110.9,118.5,72.39999999999999,82.34285714285714,87.99090909090908,87.99090909090908,12.292796961751916,12.683962673033575,67.0,102.8,12,12,4,2022,11
Portugal,2023-01-01,101.7,154762938,8.285,750.05,4.2405,0.058333333333333334,0.27999999999999997,30000.0,0.3453405687805658,101.7,99.5,84.9,71.0,67.0,96.5,110.9,118.5,74.30000000000001,80.15714285714286,87.73333333333333,87.73333333333333,9.668653326232,12.126554883120484,67.0,102.8,1,1,1,2023,12
Portugal,2023-02-01,99.5,154762938,8.285,750.05,4.2405,0.058333333333333334,0.27999999999999997,30000.0,0.3453405687805658,99.5,97.8,101.7,84.9,71.0,78.9,110.9,118.5,85.86666666666667,80.89999999999999,88.8076923076923,88.8076923076923,11.21041182710668,12.239448621735479,67.0,102.8,2,2,1,2023,13
Portugal,2023-03-01,97.8,154762938,8.285,750.05,4.2405,0.058333333333333334,0.27999999999999997,30000.0,0.3453405687805658,97.8,110.9,99.5,101.7,84.9,83.6,91.3,118.5,95.36666666666667,83.84285714285716,89.57142857142857,89.57142857142857,13.136318249146417,12.101521110456037,67.0,102.8,3,3,1,2023,14
Portugal,2023-04-01,110.9,154762938,8.285,750.05,4.2405,0.058333333333333334,0.27999999999999997,30000.0,0.3453405687805658,110.9,96.5,97.8,99.5,101.7,79.2,102.8,118.5,99.66666666666667,85.87142857142858,90.03571428571429,90.11999999999999,14.149878007214324,11.8532816432533,67.0,102.8,4,4,2,2023,15
Portugal,2023-05-01,96.5,154762938,8.285,750.05,4.2405,0.058333333333333334,0.27999999999999997,30000.0,0.3453405687805658,96.5,70.8,110.9,97.8,99.5,67.0,95.6,118.5,102.73333333333333,90.39999999999999,90.61428571428573,91.41875,16.531182655817467,12.574642142025352,67.0,110.9,5,5,2,2023,16
Portugal,2023-06-01,70.8,154762938,8.285,750.05,4.2405,0.058333333333333334,0.27999999999999997,30000.0,0.3453405687805658,70.8,81.7,96.5,110.9,97.8,71.0,101.8,118.5,101.73333333333333,94.61428571428571,90.67857142857143,91.71764705882353,12.942234295956354,12.23755670539046,67.0,110.9,6,6,2,2023,17
Portugal,2023-07-01,81.7,154762938,8.285,750.05,4.2405,0.058333333333333334,0.27999999999999997,30000.0,0.3453405687805658,81.7,77.6,70.8,96.5,110.9,84.9,100.2,118.5,92.73333333333333,94.58571428571427,88.46428571428571,90.55555555555556,13.00313149096897,12.855221974985254,67.0,110.9,7,7,3,2023,18
Portugal,2023-08-01,77.6,154762938,8.285,750.05,4.2405,0.058333333333333334,0.27999999999999997,30000.0,0.3453405687805658,77.6,73.6,81.7,70.8,96.5,101.7,96.5,118.5,83.0,94.12857142857142,87.14285714285714,90.08947368421053,13.449004211677332,12.657140924168814,67.0,110.9,8,8,3,2023,19
Portugal,2023-09-01,73.6,154762938,8.285,750.05,4.2405,0.058333333333333334,0.27999999999999997,30000.0,0.3453405687805658,73.6,77.2,77.6,81.7,70.8,99.5,78.9,118.5,76.7,90.6857142857143,85.79285714285713,89.465,14.248675794780448,12.632134253144782,67.0,110.9,9,9,3,2023,20
Portugal,2023-10-01,77.2,154762938,8.285,750.05,4.2405,0.058333333333333334,0.27999999999999997,30000.0,0.3453405687805658,77.2,79.0,73.6,77.6,81.7,97.8,83.6,118.5,77.63333333333333,86.98571428571428,85.41428571428573,88.70952380952382,14.925082754815653,12.789757807007323,67.0,110.9,10,10,4,2023,21
Portugal,2023-11-01,79.0,154762938,8.285,750.05,4.2405,0.058333333333333334,0.27999999999999997,30000.0,0.3453405687805658,79.0,77.8,77.2,73.6,77.6,110.9,79.2,118.5,76.13333333333334,84.04285714285713,84.95714285714284,88.18636363636364,14.46108077367862,12.720448309505652,67.0,110.9,11,11,4,2023,22
Portugal,2023-12-01,77.8,154762938,8.285,750.05,4.2405,0.058333333333333334,0.27999999999999997,30000.0,0.3453405687805658,77.8,91.9,79.0,77.2,73.6,96.5,67.0,118.5,76.60000000000001,79.48571428571428,84.94285714285714,87.78695652173913,8.301491546990938,12.574733120169123,67.0,110.9,12,12,4,2023,23
Portugal,2024-01-01,91.9,154762938,8.285,750.05,4.2405,0.058333333333333334,0.27999999999999997,30000.0,0.3453405687805658,91.9,93.4,77.8,79.0,77.2,70.8,71.0,118.5,78.0,76.81428571428572,85.71428571428571,87.37083333333334,3.5797712084380287,12.466144732544766,67.0,110.9,1,1,1,2024,24
Portugal,2024-02-01,93.4,154762938,8.285,750.05,4.2405,0.058333333333333334,0.27999999999999997,30000.0,0.3453405687805658,93.4,95.5,91.9,77.8,79.0,81.7,84.9,118.5,82.89999999999999,79.82857142857142,87.20714285714284,87.552,5.840865884927888,12.237242336408967,67.0,110.9,2,2,1,2024,25
Portugal,2024-03-01,95.5,154762938,8.285,750.05,4.2405,0.058333333333333334,0.27999999999999997,30000.0,0.3453405687805658,95.5,91.1,93.4,91.9,77.8,77.6,101.7,118.5,87.7,81.5,87.81428571428572,87.77692307692307,7.808328886516005,12.044726902418592,67.0,110.9,3,3,1,2024,26
Portugal,2024-04-01,91.1,154762938,8.285,750.05,4.2405,0.058333333333333334,0.27999999999999997,30000.0,0.3453405687805658,91.1,97.7,95.5,93.4,91.9,73.6,99.5,118.5,93.60000000000001,84.05714285714285,87.37142857142858,88.06296296296296,9.136348129469324,11.90397955915287,67.0,110.9,4,4,2,2024,27
Portugal,2024-05-01,97.7,154762938,8.285,750.05,4.2405,0.058333333333333334,0.27999999999999997,30000.0,0.3453405687805658,97.7,87.7,91.1,95.5,93.4,77.2,97.8,118.5,93.33333333333333,86.55714285714285,86.77142857142857,88.17142857142858,8.137742754772836,11.69554702037575,67.0,110.9,5,5,2,2024,28
Portugal,2024-06-01,87.7,154762938,8.285,750.05,4.2405,0.058333333333333334,0.27999999999999997,30000.0,0.3453405687805658,87.7,76.4,97.7,91.1,95.5,79.0,110.9,118.5,94.76666666666665,89.4857142857143,86.76428571428572,88.5,7.8941810999049284,11.620302430291071,67.0,110.9,6,6,2,2024,29
Portugal,2024-07-01,76.4,154762938,8.285,750.05,4.2405,0.058333333333333334,0.27999999999999997,30000.0,0.3453405687805658,76.4,69.5,87.7,97.7,91.1,77.8,96.5,91.3,92.16666666666667,90.72857142857143,85.10714285714286,88.47333333333333,6.5362359927088045,11.41912893994662,67.0,110.9,7,7,3,2024,30
Portugal,2024-08-01,69.5,154762938,8.285,750.05,4.2405,0.058333333333333334,0.27999999999999997,30000.0,0.3453405687805658,69.5,71.8,76.4,87.7,97.7,91.9,70.8,102.8,87.26666666666667,90.52857142857142,83.67142857142856,87.97666666666666,7.002550555741479,11.614309940857392,67.0,110.9,8,8,3,2024,31
Portugal,2024-09-01,71.8,154762938,8.285,750.05,4.2405,0.058333333333333334,0.27999999999999997,30000.0,0.3453405687805658,71.8,81.6,69.5,76.4,87.7,93.4,81.7,95.6,77.86666666666667,87.32857142857142,83.57857142857142,86.86666666666666,10.510742803708732,11.739363001379628,67.0,110.9,9,9,3,2024,32
Portugal,2024-10-01,81.6,154762938,8.285,750.05,4.2405,0.058333333333333334,0.27999999999999997,30000.0,0.3453405687805658,81.6,65.5,71.8,69.5,76.4,95.5,77.6,101.8,72.56666666666668,84.24285714285715,82.87142857142858,86.07333333333334,11.550448352460498,11.93144016319137,67.0,110.9,10,10,4,2024,33
Portugal,2024-11-01,65.5,154762938,8.285,750.05,4.2405,0.058333333333333334,0.27999999999999997,30000.0,0.3453405687805658,65.5,89.6,81.6,71.8,69.5,91.1,73.6,100.2,74.3,82.25714285714285,83.15714285714286,85.4,10.433417008640577,11.578070829716456,67.0,110.9,11,11,4,2024,34
Spain,2022-01-01,76.2,182042146,8.588,818.75,4.1775,-0.2613095238095238,0.3808333333333333,75000.0,0.2825109156382889,76.2,104.8,108.3,108.5,110.4,112.2,110.9,118.5,109.5,111.60000000000001,114.96363636363635,115.26666666666667,10.828269878952414,12.004860126909712,89.6,128.7,1,1,1,2022,0
Spain,2022-02-01,104.8,182042146,8.588,818.75,4.1775,-0.2613095238095238,0.3808333333333333,75000.0,0.2825109156382889,104.8,92.0,76.2,108.5,110.4,112.2,110.9,118.5,76.2,76.2,76.2,76.2,10.828269878952414,12.004860126909712,76.2,76.2,2,2,1,2022,1
Spain,2022-03-01,92.0,182042146,8.588,818.75,4.1775,-0.2613095238095238,0.3808333333333333,75000.0,0.2825109156382889,92.0,96.4,104.8,76.2,110.4,112.2,110.9,118.5,90.5,90.5,90.5,90.5,20.223253941935255,20.223253941935255,76.2,104.8,3,3,1,2022,2
Spain,2022-04-01,96.4,182042146,8.588,818.75,4.1775,-0.2613095238095238,0.3808333333333333,75000.0,0.2825109156382889,96.4,89.8,92.0,104.8,76.2,112.2,110.9,118.5,91.0,91.0,91.0,91.0,14.326199775236974,14.326199775236974,76.2,104.8,4,4,2,2022,3
Spain,2022-05-01,89.8,182042146,8.588,818.75,4.1775,-0.2613095238095238,0.3808333333333333,75000.0,0.2825109156382889,89.8,83.2,96.4,92.0,104.8,112.2,110.9,118.5,97.73333333333335,92.35,92.35,92.35,12.004860126909712,12.004860126909712,76.2,104.8,5,5,2,2022,4
Spain,2022-06-01,83.2,182042146,8.588,818.75,4.1775,-0.2613095238095238,0.3808333333333333,75000.0,0.2825109156382889,83.2,77.8,89.8,96.4,92.0,112.2,110.9,118.5,92.73333333333333,91.84,91.84,91.84,10.458871832085904,10.458871832085904,76.2,104.8,6,6,2,2022,5
Spain,2022-07-01,77.8,182042146,8.588,818.75,4.1775,-0.2613095238095238,0.3808333333333333,75000.0,0.2825109156382889,77.8,74.9,83.2,89.8,96.4,112.2,110.9,118.5,89.8,90.39999999999999,90.39999999999999,90.39999999999999,9.997599711930857,9.997599711930857,76.2,104.8,7,7,3,2022,6
Spain,2022-08-01,74.9,182042146,8.588,818.75,4.1775,-0.2613095238095238,0.3808333333333333,75000.0,0.2825109156382889,74.9,74.9,77.8,83.2,89.8,76.2,110.9,118.5,83.60000000000001,88.60000000000001,88.60000000000001,88.60000000000001,10.294335011710725,10.294335011710725,76.2,104.8,8,8,3,2022,7
Spain,2022-09-01,74.9,182042146,8.588,818.75,4.1775,-0.2613095238095238,0.3808333333333333,75000.0,0.2825109156382889,74.9,67.2,74.9,77.8,83.2,104.8,110.9,118.5,78.63333333333333,88.41428571428571,86.8875,86.8875,10.563526647767551,10.69090902188797,74.9,104.8,9,9,3,2022,8
Spain,2022-10-01,67.2,182042146,8.588,818.75,4.1775,-0.2613095238095238,0.3808333333333333,75000.0,0.2825109156382889,67.2,80.8,74.9,74.9,77.8,92.0,110.9,118.5,75.86666666666667,84.14285714285714,85.55555555555556,85.55555555555556,8.717388206501823,10.769181852758251,74.9,104.8,10,10,4,2022,9
Spain,2022-11-01,80.8,182042146,8.588,818.75,4.1775,-0.2613095238095238,0.3808333333333333,75000.0,0.2825109156382889,80.8,89.5,67.2,74.9,74.9,96.4,110.9,118.5,72.33333333333333,80.60000000000001,83.72,83.72,9.945015501915185,11.69537420426459,67.2,104.8,11,11,4,2022,10
Spain,2022-12-01,89.5,182042146,8.588,818.75,4.1775,-0.2613095238095238,0.3808333333333333,75000.0,0.2825109156382889,89.5,80.5,80.8,67.2,74.9,89.8,110.9,118.5,74.30000000000001,78.37142857142858,83.45454545454545,83.45454545454545,7.176980397008731,11.130082087420877,67.2,104.8,12,12,4,2022,11
Spain,2023-01-01,80.5,182042146,8.588,818.75,4.1775,-0.2613095238095238,0.3808333333333333,75000.0,0.2825109156382889,80.5,102.9,89.5,80.8,67.2,83.2,110.9,118.5,79.16666666666667,78.32857142857144,83.95833333333333,83.95833333333333,7.097819920161936,10.75465720119202,67.2,104.8,1,1,1,2023,12
Spain,2023-02-01,102.9,182042146,8.588,818.75,4.1775,-0.2613095238095238,0.3808333333333333,75000.0,0.2825109156382889,102.9,85.8,80.5,89.5,80.8,77.8,110.9,118.5,83.60000000000001,77.94285714285715,83.6923076923077,83.6923076923077,6.858293554244413,10.341378175277336,67.2,104.8,2,2,1,2023,13
Spain,2023-03-01,85.8,182042146,8.588,818.75,4.1775,-0.2613095238095238,0.3808333333333333,75000.0,0.2825109156382889,85.8,98.0,102.9,80.5,89.5,74.9,76.2,118.5,90.96666666666665,81.52857142857144,85.06428571428572,85.06428571428572,11.655143969611915,11.183477314107842,67.2,104.8,3,3,1,2023,14
Spain,2023-04-01,98.0,182042146,8.588,818.75,4.1775,-0.2613095238095238,0.3808333333333333,75000.0,0.2825109156382889,98.0,90.8,85.8,102.9,80.5,74.9,104.8,118.5,89.73333333333333,83.08571428571429,85.75,85.11333333333333,11.345987333477359,10.778342482342385,67.2,104.8,4,4,2,2023,15
Spain,2023-05-01,90.8,182042146,8.588,818.75,4.1775,-0.2613095238095238,0.3808333333333333,75000.0,0.2825109156382889,90.8,74.8,98.0,85.8,102.9,67.2,92.0,118.5,95.56666666666666,86.38571428571429,85.26428571428572,85.91875,11.913497747153384,10.8998604731131,67.2,104.8,5,5,2,2023,16
Spain,2023-06-01,74.8,182042146,8.588,818.75,4.1775,-0.2613095238095238,0.3808333333333333,75000.0,0.2825109156382889,74.8,71.3,90.8,98.0,85.8,80.8,96.4,118.5,91.53333333333335,89.75714285714285,85.17857142857143,86.20588235294117,8.40056687429629,10.619938240653477,67.2,104.8,6,6,2,2023,17
Spain,2023-07-01,71.3,182042146,8.588,818.75,4.1775,-0.2613095238095238,0.3808333333333333,75000.0,0.2825109156382889,71.3,61.1,74.8,90.8,98.0,89.5,89.8,118.5,87.86666666666667,88.89999999999999,83.63571428571427,85.57222222222222,9.676087363530103,10.64782803345665,67.2,104.8,7,7,3,2023,18
Spain,2023-08-01,61.1,182042146,8.588,818.75,4.1775,-0.2613095238095238,0.3808333333333333,75000.0,0.2825109156382889,61.1,76.6,71.3,74.8,90.8,80.5,83.2,118.5,78.96666666666665,86.3,82.3142857142857,84.82105263157894,11.717792738680215,10.853498102115811,67.2,104.8,8,8,3,2023,19
Spain,2023-09-01,76.6,182042146,8.588,818.75,4.1775,-0.2613095238095238,0.3808333333333333,75000.0,0.2825109156382889,76.6,63.2,61.1,71.3,74.8,102.9,77.8,118.5,69.06666666666666,83.52857142857144,80.73571428571428,83.635,15.118830894584656,11.82086803295898,61.1,104.8,9,9,3,2023,20
Spain,2023-10-01,63.2,182042146,8.588,818.75,4.1775,-0.2613095238095238,0.3808333333333333,75000.0,0.2825109156382889,63.2,63.3,76.6,61.1,71.3,85.8,74.9,118.5,69.66666666666667,79.77142857142857,80.64999999999999,83.3,12.552651019567426,11.623381607776626,61.1,104.8,10,10,4,2023,21
Spain,2023-11-01,63.3,182042146,8.588,818.75,4.1775,-0.2613095238095238,0.3808333333333333,75000.0,0.2825109156382889,63.3,78.5,63.2,76.6,61.1,98.0,74.9,118.5,66.96666666666665,76.54285714285716,79.81428571428572,82.38636363636364,13.6058635819092,12.125741821373843,61.1,104.8,11,11,4,2023,22
Spain,2023-12-01,78.5,182042146,8.588,818.75,4.1775,-0.2613095238095238,0.3808333333333333,75000.0,0.2825109156382889,78.5,89.6,63.3,63.2,76.6,90.8,67.2,118.5,67.7,71.58571428571429,78.98571428571428,81.55652173913043,10.437660748690801,12.497557073537374,61.1,104.8,12,12,4,2023,23
Spain,2024-01-01,89.6,182042146,8.588,818.75,4.1775,-0.2613095238095238,0.3808333333333333,75000.0,0.2825109156382889,89.6,90.9,78.5,63.3,63.2,74.8,80.8,118.5,68.33333333333333,69.82857142857144,79.79285714285713,81.42916666666666,7.195765950824562,12.238765182337872,61.1,104.8,1,1,1,2024,24
Spain,2024-02-01,90.9,182042146,8.588,818.75,4.1775,-0.2613095238095238,0.3808333333333333,75000.0,0.2825109156382889,90.9,90.3,89.6,78.5,63.3,71.3,89.5,118.5,77.13333333333334,71.94285714285715,80.42142857142858,81.756,10.372858356122926,12.092011136834653,61.1,104.8,2,2,1,2024,25
Spain,2024-03-01,90.3,182042146,8.588,818.75,4.1775,-0.2613095238095238,0.3808333333333333,75000.0,0.2825109156382889,90.3,93.5,90.9,89.6,78.5,61.1,80.5,118.5,86.33333333333333,74.74285714285715,80.52142857142857,82.10769230769232,12.580786560314484,11.982651562218539,61.1,104.8,3,3,1,2024,26
Spain,2024-04-01,93.5,182042146,8.588,818.75,4.1775,-0.2613095238095238,0.3808333333333333,75000.0,0.2825109156382889,93.5,85.5,90.3,90.9,89.6,76.6,102.9,118.5,90.26666666666667,78.91428571428571,81.22142857142856,82.41111111111111,12.136368014007656,11.855259570636967,61.1,104.8,4,4,2,2024,27
Spain,2024-05-01,85.5,182042146,8.588,818.75,4.1775,-0.2613095238095238,0.3808333333333333,75000.0,0.2825109156382889,85.5,81.1,93.5,90.3,90.9,63.2,85.8,118.5,91.56666666666666,81.32857142857142,80.54999999999998,82.80714285714285,13.230862189808873,11.820883233637,61.1,104.8,5,5,2,2024,28
Spain,2024-06-01,81.1,182042146,8.588,818.75,4.1775,-0.2613095238095238,0.3808333333333333,75000.0,0.2825109156382889,81.1,78.1,85.5,93.5,90.3,63.3,98.0,118.5,89.76666666666667,84.51428571428572,80.52857142857142,82.89999999999999,10.551844794699578,11.61864265492562,61.1,104.8,6,6,2,2024,29
Spain,2024-07-01,78.1,182042146,8.588,818.75,4.1775,-0.2613095238095238,0.3808333333333333,75000.0,0.2825109156382889,78.1,75.8,81.1,85.5,93.5,78.5,90.8,76.2,86.69999999999999,87.05714285714285,79.32142857142857,82.83999999999999,5.543722318339665,11.421292879288346,61.1,104.8,7,7,3,2024,30
Spain,2024-08-01,75.8,182042146,8.588,818.75,4.1775,-0.2613095238095238,0.3808333333333333,75000.0,0.2825109156382889,75.8,59.2,78.1,81.1,85.5,89.6,74.8,104.8,81.56666666666666,87.0,78.41428571428571,82.90333333333335,5.647713401604833,11.3884237452906,61.1,104.8,8,8,3,2024,31
Spain,2024-09-01,59.2,182042146,8.588,818.75,4.1775,-0.2613095238095238,0.3808333333333333,75000.0,0.2825109156382889,59.2,86.0,75.8,78.1,81.1,90.9,71.3,92.0,78.33333333333333,85.02857142857144,78.48571428571428,81.93666666666667,6.866030946069279,10.67408990979085,61.1,102.9,9,9,3,2024,32
Spain,2024-10-01,86.0,182042146,8.588,818.75,4.1775,-0.2613095238095238,0.3808333333333333,75000.0,0.2825109156382889,86.0,66.4,59.2,75.8,78.1,90.3,61.1,96.4,71.03333333333332,80.5,77.62142857142858,80.84333333333333,11.342692214226139,11.270917208135444,59.2,102.9,10,10,4,2024,33
Spain,2024-11-01,66.4,182042146,8.588,818.75,4.1775,-0.2613095238095238,0.3808333333333333,75000.0,0.2825109156382889,66.4,88.3,86.0,59.2,75.8,93.5,76.6,89.8,73.66666666666667,79.88571428571427,79.39999999999999,80.49666666666667,10.828269878952414,10.930737531772763,59.2,102.9,11,11,4,2024,34
USA,2022-01-01,110.4,142967494,8.4115,818.2,4.336,0.07916666666666666,0.2970833333333333,0.0,0.2970688179857716,110.4,150.6,108.3,108.5,110.4,112.2,110.9,118.5,109.5,111.60000000000001,114.96363636363635,115.26666666666667,10.828269878952414,12.004860126909712,89.6,128.7,1,1,1,2022,0
USA,2022-02-01,150.6,142967494,8.4115,818.2,4.336,0.07916666666666666,0.2970833333333333,0.0,0.2970688179857716,150.6,134.9,110.4,108.5,110.4,112.2,110.9,118.5,110.4,110.4,110.4,110.4,10.828269878952414,12.004860126909712,110.4,110.4,2,2,1,2022,1
USA,2022-03-01,134.9,142967494,8.4115,818.2,4.336,0.07916666666666666,0.2970833333333333,0.0,0.2970688179857716,134.9,138.4,150.6,110.4,110.4,112.2,110.9,118.5,130.5,130.5,130.5,130.5,28.4256926036992,28.4256926036992,110.4,150.6,3,3,1,2022,2
USA,2022-04-01,138.4,142967494,8.4115,818.2,4.336,0.07916666666666666,0.2970833333333333,0.0,0.2970688179857716,138.4,130.3,134.9,150.6,110.4,112.2,110.9,118.5,131.96666666666667,131.96666666666667,131.96666666666667,131.96666666666667,20.25989470193103,20.25989470193103,110.4,150.6,4,4,2,2022,3
USA,2022-05-01,130.3,142967494,8.4115,818.2,4.336,0.07916666666666666,0.2970833333333333,0.0,0.2970688179857716,130.3,124.5,138.4,134.9,150.6,112.2,110.9,118.5,141.3,133.575,133.575,133.575,16.851978123255044,16.851978123255044,110.4,150.6,5,5,2,2022,4
USA,2022-06-01,124.5,142967494,8.4115,818.2,4.336,0.07916666666666666,0.2970833333333333,0.0,0.2970688179857716,124.5,112.9,130.3,138.4,134.9,112.2,110.9,118.5,134.53333333333333,132.92000000000002,132.92000000000002,132.92000000000002,14.667549215871066,14.667549215871066,110.4,150.6,6,6,2,2022,5
USA,2022-07-01,112.9,142967494,8.4115,818.2,4.336,0.07916666666666666,0.2970833333333333,0.0,0.2970688179857716,112.9,105.0,124.5,130.3,138.4,112.2,110.9,118.5,131.0666666666667,131.51666666666668,131.51666666666668,131.51666666666668,13.561919726449739,13.561919726449739,110.4,150.6,7,7,3,2022,6
USA,2022-08-01,105.0,142967494,8.4115,818.2,4.336,0.07916666666666666,0.2970833333333333,0.0,0.2970688179857716,105.0,103.2,112.9,124.5,130.3,110.4,110.9,118.5,122.56666666666668,128.85714285714286,128.85714285714286,128.85714285714286,14.240184589493806,14.240184589493806,110.4,150.6,8,8,3,2022,7
USA,2022-09-01,103.2,142967494,8.4115,818.2,4.336,0.07916666666666666,0.2970833333333333,0.0,0.2970688179857716,103.2,103.8,105.0,112.9,124.5,150.6,110.9,118.5,114.13333333333333,128.0857142857143,125.875,125.875,15.497465230528132,15.651175218311415,105.0,150.6,9,9,3,2022,8
USA,2022-10-01,103.8,142967494,8.4115,818.2,4.336,0.07916666666666666,0.2970833333333333,0.0,0.2970688179857716,103.8,111.1,103.2,105.0,112.9,134.9,110.9,118.5,107.03333333333335,121.31428571428572,123.35555555555555,123.35555555555555,14.332181570557498,16.47627924556322,103.2,150.6,10,10,4,2022,9
USA,2022-11-01,111.1,142967494,8.4115,818.2,4.336,0.07916666666666666,0.2970833333333333,0.0,0.2970688179857716,111.1,112.4,103.8,103.2,105.0,138.4,110.9,118.5,104.0,116.87142857142858,121.4,121.4,14.238880373319855,16.71964911912526,103.2,150.6,11,11,4,2022,10
USA,2022-12-01,112.4,142967494,8.4115,818.2,4.336,0.07916666666666666,0.2970833333333333,0.0,0.2970688179857716,112.4,122.6,111.1,103.8,103.2,130.3,110.9,118.5,106.03333333333335,112.97142857142858,120.46363636363635,120.46363636363635,10.644515690519368,16.16281366144351,103.2,150.6,12,12,4,2022,11
USA,2023-01-01,122.6,142967494,8.4115,818.2,4.336,0.07916666666666666,0.2970833333333333,0.0,0.2970688179857716,122.6,138.2,112.4,111.1,103.8,124.5,110.9,118.5,109.10000000000001,110.41428571428571,119.79166666666667,119.79166666666667,7.462222316760626,15.585451160578812,103.2,150.6,1,1,1,2023,12
USA,2023-02-01,138.2,142967494,8.4115,818.2,4.336,0.07916666666666666,0.2970833333333333,0.0,0.2970688179857716,138.2,130.9,122.6,112.4,111.1,112.9,110.9,118.5,115.36666666666667,110.14285714285714,120.0076923076923,120.0076923076923,6.876010748211653,14.94224779712774,103.2,150.6,2,2,1,2023,13
USA,2023-03-01,130.9,142967494,8.4115,818.2,4.336,0.07916666666666666,0.2970833333333333,0.0,0.2970688179857716,130.9,125.7,138.2,122.6,112.4,105.0,110.4,118.5,124.39999999999999,113.75714285714285,121.30714285714285,121.30714285714285,12.726855744560625,15.157047829346535,103.2,150.6,3,3,1,2023,14
USA,2023-04-01,125.7,142967494,8.4115,818.2,4.336,0.07916666666666666,0.2970833333333333,0.0,0.2970688179857716,125.7,124.2,130.9,138.2,122.6,103.2,150.6,118.5,130.56666666666663,117.45714285714287,122.77142857142857,121.94666666666667,13.498130382001905,14.814224181348067,103.2,150.6,4,4,2,2023,15
USA,2023-05-01,124.2,142967494,8.4115,818.2,4.336,0.07916666666666666,0.2970833333333333,0.0,0.2970688179857716,124.2,121.0,125.7,130.9,138.2,103.8,134.9,118.5,131.6,120.67142857142856,120.99285714285715,122.18125,12.148760469791984,14.342627316267166,103.2,150.6,5,5,2,2023,16
USA,2023-06-01,121.0,142967494,8.4115,818.2,4.336,0.07916666666666666,0.2970833333333333,0.0,0.2970688179857716,121.0,105.9,124.2,125.7,130.9,111.1,138.4,118.5,126.93333333333334,123.58571428571429,120.22857142857141,122.3,9.608230598715608,13.895817716133143,103.2,150.6,6,6,2,2023,17
USA,2023-07-01,105.9,142967494,8.4115,818.2,4.336,0.07916666666666666,0.2970833333333333,0.0,0.2970688179857716,105.9,117.0,121.0,124.2,125.7,112.4,130.3,118.5,123.63333333333333,125.0,118.9857142857143,122.22777777777777,8.06948986409094,13.484405178076477,103.2,150.6,7,7,3,2023,18
USA,2023-08-01,117.0,142967494,8.4115,818.2,4.336,0.07916666666666666,0.2970833333333333,0.0,0.2970688179857716,117.0,111.8,105.9,121.0,124.2,122.6,124.5,118.5,117.03333333333335,124.07142857142857,117.24285714285713,121.36842105263158,9.922317317662271,13.62934141359812,103.2,150.6,8,8,3,2023,19
USA,2023-09-01,111.8,142967494,8.4115,818.2,4.336,0.07916666666666666,0.2970833333333333,0.0,0.2970688179857716,111.8,99.2,117.0,105.9,121.0,138.2,112.9,118.5,114.63333333333333,123.27142857142857,116.70714285714287,121.15,10.280031498932637,13.30174108113195,103.2,150.6,9,9,3,2023,20
USA,2023-10-01,99.2,142967494,8.4115,818.2,4.336,0.07916666666666666,0.2970833333333333,0.0,0.2970688179857716,99.2,120.1,111.8,117.0,105.9,130.9,105.0,118.5,111.56666666666666,119.50000000000001,116.62857142857142,120.70476190476191,8.594959763334135,13.124499083411752,103.2,150.6,10,10,4,2023,21
USA,2023-11-01,120.1,142967494,8.4115,818.2,4.336,0.07916666666666666,0.2970833333333333,0.0,0.2970688179857716,120.1,112.8,99.2,111.8,117.0,125.7,103.2,118.5,109.33333333333333,114.97142857142856,116.21428571428571,119.72727272727273,9.847286307356292,13.60406738261205,99.2,150.6,11,11,4,2023,22
USA,2023-12-01,112.8,142967494,8.4115,818.2,4.336,0.07916666666666666,0.2970833333333333,0.0,0.2970688179857716,112.8,122.7,120.1,99.2,111.8,124.2,103.8,118.5,110.36666666666667,114.17142857142858,117.42142857142858,119.74347826086957,9.023435097144544,13.291515615300549,99.2,150.6,12,12,4,2023,23
USA,2024-01-01,122.7,142967494,8.4115,818.2,4.336,0.07916666666666666,0.2970833333333333,0.0,0.2970688179857716,122.7,136.3,112.8,120.1,99.2,121.0,111.1,118.5,110.69999999999999,112.54285714285713,118.06428571428572,119.45416666666667,7.86635390822983,13.076396896588186,99.2,150.6,1,1,1,2024,24
USA,2024-02-01,136.3,142967494,8.4115,818.2,4.336,0.07916666666666666,0.2970833333333333,0.0,0.2970688179857716,136.3,127.9,122.7,112.8,120.1,105.9,112.4,118.5,118.53333333333335,112.78571428571429,118.89285714285714,119.584,8.190528792743534,12.817523161672058,99.2,150.6,2,2,1,2024,25
USA,2024-03-01,127.9,142967494,8.4115,818.2,4.336,0.07916666666666666,0.2970833333333333,0.0,0.2970688179857716,127.9,128.0,136.3,122.7,112.8,117.0,122.6,118.5,123.93333333333334,117.12857142857145,120.60000000000001,120.22692307692309,11.372439533907418,12.979385430514263,99.2,150.6,3,3,1,2024,26
USA,2024-04-01,128.0,142967494,8.4115,818.2,4.336,0.07916666666666666,0.2970833333333333,0.0,0.2970688179857716,128.0,124.6,127.9,136.3,122.7,111.8,138.2,118.5,128.96666666666667,118.6857142857143,120.97857142857143,120.51111111111112,12.076344448470108,12.812714038237209,99.2,150.6,4,4,2,2024,27
USA,2024-05-01,124.6,142967494,8.4115,818.2,4.336,0.07916666666666666,0.2970833333333333,0.0,0.2970688179857716,124.6,104.0,128.0,127.9,136.3,99.2,130.9,118.5,130.73333333333335,121.0,120.25,120.77857142857144,12.089113560003746,12.652604976778992,99.2,150.6,5,5,2,2024,28
USA,2024-06-01,104.0,142967494,8.4115,818.2,4.336,0.07916666666666666,0.2970833333333333,0.0,0.2970688179857716,104.0,119.7,124.6,128.0,127.9,120.1,125.7,118.5,126.83333333333333,124.62857142857145,119.8,120.91034482758621,7.330692165071985,12.444859662515455,99.2,150.6,6,6,2,2024,29
USA,2024-07-01,119.7,142967494,8.4115,818.2,4.336,0.07916666666666666,0.2970833333333333,0.0,0.2970688179857716,119.7,106.5,104.0,124.6,128.0,112.8,124.2,110.4,118.86666666666667,122.32857142857142,118.25,120.34666666666666,10.727179543215493,12.612137922989328,99.2,150.6,7,7,3,2024,30
USA,2024-08-01,106.5,142967494,8.4115,818.2,4.336,0.07916666666666666,0.2970833333333333,0.0,0.2970688179857716,106.5,102.3,119.7,104.0,124.6,122.7,121.0,150.6,116.10000000000001,123.31428571428572,117.92857142857144,120.65666666666667,9.99790454235763,12.47274776388944,99.2,150.6,8,8,3,2024,31
USA,2024-09-01,102.3,142967494,8.4115,818.2,4.336,0.07916666666666666,0.2970833333333333,0.0,0.2970688179857716,102.3,108.3,106.5,119.7,104.0,136.3,105.9,134.9,110.06666666666666,121.0,116.89285714285714,119.18666666666667,11.864512913165317,11.372220640615904,99.2,138.4,9,9,3,2024,32
USA,2024-10-01,108.3,142967494,8.4115,818.2,4.336,0.07916666666666666,0.2970833333333333,0.0,0.2970688179857716,108.3,105.5,102.3,106.5,119.7,127.9,117.0,138.4,109.5,116.14285714285714,116.63571428571429,118.1,11.51127811363809,11.376503311044509,99.2,138.4,10,10,4,2024,33
USA,2024-11-01,105.5,142967494,8.4115,818.2,4.336,0.07916666666666666,0.2970833333333333,0.0,0.2970688179857716,105.5,120.9,108.3,102.3,106.5,128.0,111.8,130.3,105.7,113.34285714285714,116.01428571428572,117.09666666666665,10.515521407718674,10.839057196986275,99.2,138.2,11,11,4,2024,34
